2394a533b4211519b01ee7cd2264fe3ad301933c		2026-07-23T15:51:47+05:30	2026-07-23T15:51:47+05:30	chore: scaffold Riemann research archive (layout + README)
8c62c7454fd6d39afbc6b1f8680a742568ab5bd4	2394a533b4211519b01ee7cd2264fe3ad301933c	2026-07-23T15:55:54+05:30	2026-07-23T15:55:54+05:30	docs(log): start append-only work log; backfill session history to 10:25 UTC
ab0bdfe96219b82f441f3d2c153301e5eb388baa	8c62c7454fd6d39afbc6b1f8680a742568ab5bd4	2026-07-23T15:55:55+05:30	2026-07-23T15:55:55+05:30	docs(readme): add live status section + logging discipline
bef6c94fc5c0ff70f401d3cd908f0b15f91c4f49	ab0bdfe96219b82f441f3d2c153301e5eb388baa	2026-07-23T16:01:09+05:30	2026-07-23T16:01:09+05:30	papers(recent): Guth-Maynard 2024 — New large value estimates for Dirichlet polynomials (arXiv 2405.20552, Annals 2025)
420e31d7252ea8fab6b085cb05129c97a48c93f4	bef6c94fc5c0ff70f401d3cd908f0b15f91c4f49	2026-07-23T16:01:09+05:30	2026-07-23T16:01:09+05:30	papers(recent): Chen 2025 — Large value estimates and zero density of Dirichlet L-functions (arXiv 2507.08296)
2f69b36c6cee2f6c5f869735daad47005cf61a04	420e31d7252ea8fab6b085cb05129c97a48c93f4	2026-07-23T16:01:10+05:30	2026-07-23T16:01:10+05:30	papers(recent): Gafni-Tao 2025 — Exceptional intervals to the PNT in short intervals (arXiv 2505.24017)
c9f9af7109f5b69eecd9161ab3746e4c76b6cd61	2f69b36c6cee2f6c5f869735daad47005cf61a04	2026-07-23T16:01:10+05:30	2026-07-23T16:01:10+05:30	papers(recent): Turnage-Butterbaugh 2026 — A decades-long breakthrough in zero-density estimates (arXiv 2607.04632)
b648d644e815b7696539ef473ba35fb4dbc1921f	c9f9af7109f5b69eecd9161ab3746e4c76b6cd61	2026-07-23T16:01:10+05:30	2026-07-23T16:01:10+05:30	papers(recent): Guth 2025 — Large value estimates in number theory, harmonic analysis, and computer science (arXiv 2503.07410)
9e30d8417dd76aeb2cb9fe14d2f782a311739263	b648d644e815b7696539ef473ba35fb4dbc1921f	2026-07-23T16:01:10+05:30	2026-07-23T16:01:10+05:30	papers(recent): Connes-Consani-Moscovici 2025 — Zeta spectral triples (arXiv 2511.22755)
0180e26e656fc4cf50a058aeffa9a280ed1d6d81	9e30d8417dd76aeb2cb9fe14d2f782a311739263	2026-07-23T16:01:10+05:30	2026-07-23T16:01:10+05:30	papers(recent): Connes-Consani-Moscovici 2023 — Zeta zeros and prolate wave operators (arXiv 2310.18423)
4c8c50d00b68779e576bf6e1701d488fabf9f5c0	0180e26e656fc4cf50a058aeffa9a280ed1d6d81	2026-07-23T16:01:10+05:30	2026-07-23T16:01:10+05:30	papers(recent): Connes 2026 — The Riemann Hypothesis: past, present and a letter through time (arXiv 2602.04022)
ad0cc86f60d50b457df28ef145a49f3f3e6b05c3	4c8c50d00b68779e576bf6e1701d488fabf9f5c0	2026-07-23T16:01:10+05:30	2026-07-23T16:01:10+05:30	papers(recent): Connes-Consani 2026 — On the Jacobian of Spec Z-bar (arXiv 2602.15941)
b9176ea14b76cd5e8f3cb18a7cbf5f75668ad314	ad0cc86f60d50b457df28ef145a49f3f3e6b05c3	2026-07-23T16:01:10+05:30	2026-07-23T16:01:10+05:30	papers(recent): Connes-Consani 2026 — On the absolute geometry of Spec Z (arXiv 2606.06604)
d32e83749081999b0f277edb2f240502759d38ab	b9176ea14b76cd5e8f3cb18a7cbf5f75668ad314	2026-07-23T16:01:10+05:30	2026-07-23T16:01:10+05:30	papers(recent): Zhang 2022 — Discrete mean estimates and the Landau-Siegel zero (arXiv 2211.02515, status: stalled/unvalidated)
17e26c0b9aea99ad8bbc98acd9b7e554e4b885fc	d32e83749081999b0f277edb2f240502759d38ab	2026-07-23T16:01:10+05:30	2026-07-23T16:01:10+05:30	papers(recent): Bal et al 2023 — Jensen-Polya program via Wright circle method (representative follow-up to GORZ 2019)
b94cee2bfaf0bf8212b92beaafc5c7dbeb2cc79d	17e26c0b9aea99ad8bbc98acd9b7e554e4b885fc	2026-07-23T16:01:10+05:30	2026-07-23T16:01:10+05:30	papers(recent): Goldston-Suriajaya 2025 — Zeta zeros on the critical line (arXiv 2511.20059)
44039243d2417ce710d9942e2f632ee2ecb0fef2	b94cee2bfaf0bf8212b92beaafc5c7dbeb2cc79d	2026-07-23T16:01:10+05:30	2026-07-23T16:01:10+05:30	papers(recent): Trudgian-Yang 2023 — Toward optimal exponent pairs (arXiv 2306.05599)
c770806607f893fe001a8a1a8b4a433e551d7bb0	44039243d2417ce710d9942e2f632ee2ecb0fef2	2026-07-23T16:01:10+05:30	2026-07-23T16:01:10+05:30	papers(recent): Formalizing zeta and L-functions in Lean/Mathlib 2025 (arXiv 2503.00959)
6727005e00232020901ed8b427431ae7a82136d8	c770806607f893fe001a8a1a8b4a433e551d7bb0	2026-07-23T16:01:10+05:30	2026-07-23T16:01:10+05:30	notes(recent): annotated bibliography — 2019-2026 frontier sweep (19 items, GM ecosystem + Connes-Consani arc + formalization)
66b9c4fd18709f31f9f319b9e6f155606d923b85	6727005e00232020901ed8b427431ae7a82136d8	2026-07-23T16:01:53+05:30	2026-07-23T16:01:53+05:30	docs(log): recent-sweep completion entry (15 papers committed, frontier findings)
c2a20862cc618bf7516664832edf3262641d1da7	66b9c4fd18709f31f9f319b9e6f155606d923b85	2026-07-23T16:01:53+05:30	2026-07-23T16:01:53+05:30	docs(readme): status — recent/ complete, 5 agents in flight
517cc19c76fe19fcf14d5c0e1ca0c602496bd40a	c2a20862cc618bf7516664832edf3262641d1da7	2026-07-23T16:02:35+05:30	2026-07-23T16:02:35+05:30	papers(spectral): Montgomery 1973 — The pair correlation of zeros of the zeta function (origin of GUE connection)
1c04230d0eef7a849add0c074f9c7d9b846105d1	517cc19c76fe19fcf14d5c0e1ca0c602496bd40a	2026-07-23T16:02:35+05:30	2026-07-23T16:02:35+05:30	papers(spectral): Odlyzko 1987 — On the distribution of spacings between zeros of zeta (Math. Comp. 48, first GUE numerics)
ff57e2ef709ba175b0be56fed4ce2d2b1a9422ab	1c04230d0eef7a849add0c074f9c7d9b846105d1	2026-07-23T16:02:35+05:30	2026-07-23T16:02:35+05:30	papers(spectral): Odlyzko 1992 — The 10^20-th zero of zeta and 175 million of its neighbors
7c4e4af7e9b6cfd40894c4bd539baeb4f6dd6c24	ff57e2ef709ba175b0be56fed4ce2d2b1a9422ab	2026-07-23T16:02:36+05:30	2026-07-23T16:02:36+05:30	papers(spectral): Berry 1986 — Riemann's zeta function: a model for quantum chaos (primes as periodic orbits)
40e141b2d2fd5a94e297676497f7df392707d527	7c4e4af7e9b6cfd40894c4bd539baeb4f6dd6c24	2026-07-23T16:02:36+05:30	2026-07-23T16:02:36+05:30	papers(spectral): Berry-Keating 1999 — H = xp and the Riemann zeros
d9709fe706b7bddb76c9d341484be320c03b351c	40e141b2d2fd5a94e297676497f7df392707d527	2026-07-23T16:02:36+05:30	2026-07-23T16:02:36+05:30	papers(spectral): Berry-Keating 1999 — The Riemann zeros and eigenvalue asymptotics (SIAM Review)
5a6c892da15542fbf07013e391fb1c143ecb1297	d9709fe706b7bddb76c9d341484be320c03b351c	2026-07-23T16:02:36+05:30	2026-07-23T16:02:36+05:30	papers(spectral): Berry-Keating 2011 — A compact hamiltonian with the same asymptotic mean spectral density (J. Phys. A)
f20d65f73b996faaaff3238dacf73d7a4af1f3de	5a6c892da15542fbf07013e391fb1c143ecb1297	2026-07-23T16:02:36+05:30	2026-07-23T16:02:36+05:30	papers(spectral): Connes 1999 — Trace formula in noncommutative geometry and the zeros of zeta (arXiv math/9811068)
04f7aa788be462e0f712aa7d39334045d600760f	f20d65f73b996faaaff3238dacf73d7a4af1f3de	2026-07-23T16:02:36+05:30	2026-07-23T16:02:36+05:30	papers(spectral): Connes 2015 — An essay on the Riemann Hypothesis (arXiv 1509.05576)
7140cd895ff40bf7abedc876a3c6ef43181f60cf	04f7aa788be462e0f712aa7d39334045d600760f	2026-07-23T16:02:36+05:30	2026-07-23T16:02:36+05:30	papers(spectral): Connes-Consani 2020 — Weil positivity and trace formula: the archimedean place (arXiv 2006.13771)
559d68136ecacbd833568d26b7f6e3245c21b723	7140cd895ff40bf7abedc876a3c6ef43181f60cf	2026-07-23T16:02:36+05:30	2026-07-23T16:02:36+05:30	papers(spectral): Connes-Moscovici 2021 — The UV prolate spectrum matches the zeros of zeta (PNAS 2022)
44720fef48b2af638e4adce4e7dd83e555c27fdc	559d68136ecacbd833568d26b7f6e3245c21b723	2026-07-23T16:02:36+05:30	2026-07-23T16:02:36+05:30	papers(spectral): Connes-Consani-Moscovici 2023 — Zeta zeros and prolate wave operators (semi-local frontier)
95c9a1cad757c401e10b7c1e12abf1486ce7c244	44720fef48b2af638e4adce4e7dd83e555c27fdc	2026-07-23T16:02:36+05:30	2026-07-23T16:02:36+05:30	papers(spectral): Bender-Brody-Muller 2017 — Hamiltonian for the zeros of zeta (PRL, PT-symmetric)
c2c323dcbf7571c7739ff05c1067af197211548f	95c9a1cad757c401e10b7c1e12abf1486ce7c244	2026-07-23T16:02:36+05:30	2026-07-23T16:02:36+05:30	papers(spectral): Bellissard 2017 — Comment on BBM: no self-adjoint realization, non-L2 eigenfunctions
6c8b8f97a40036708d0d4870c9713cb8553bc2c0	c2c323dcbf7571c7739ff05c1067af197211548f	2026-07-23T16:02:36+05:30	2026-07-23T16:02:36+05:30	papers(spectral): Bender-Brody-Muller 2017 — Reply to Bellissard (concedes non-Hermiticity)
b24a9f8c229d336dbdf15382cfc36e6c8a4b4841	6c8b8f97a40036708d0d4870c9713cb8553bc2c0	2026-07-23T16:02:36+05:30	2026-07-23T16:02:36+05:30	papers(spectral): Muller 2017 — A note on the BBM Hamiltonian (rigorous reconstruction)
373955cdbbb53f1944e7c740a4029ecf3e85d018	b24a9f8c229d336dbdf15382cfc36e6c8a4b4841	2026-07-23T16:02:36+05:30	2026-07-23T16:02:36+05:30	papers(spectral): Sierra-Townsend 2008 — Landau levels and Riemann zeros
114626ad43994777e87de656ca77f7151f56bf80	373955cdbbb53f1944e7c740a4029ecf3e85d018	2026-07-23T16:02:36+05:30	2026-07-23T16:02:36+05:30	papers(spectral): Sierra-Rodriguez-Laguna 2011 — The H = xp model revisited and the Riemann zeros
bf58f4d3b840d508f06aeae191eed1ff5b37ab7a	114626ad43994777e87de656ca77f7151f56bf80	2026-07-23T16:02:36+05:30	2026-07-23T16:02:36+05:30	papers(spectral): Sierra 2012 — General covariant xp models (Dirac fermion in Rindler spacetime)
b3a45aef572b8b77b8ea47afa94c16e5a2003ee4	bf58f4d3b840d508f06aeae191eed1ff5b37ab7a	2026-07-23T16:02:37+05:30	2026-07-23T16:02:37+05:30	papers(spectral): Sierra 2016/19 — The Riemann zeros as spectrum and the RH: a review
3c9c83b63534ecca7235e1f0e17c7538d1f823dc	b3a45aef572b8b77b8ea47afa94c16e5a2003ee4	2026-07-23T16:02:37+05:30	2026-07-23T16:02:37+05:30	papers(spectral): Srednicki 2011 — The Berry-Keating Hamiltonian and the local Riemann hypothesis
967319a9178e6d4176effde775bea35413bd072f	3c9c83b63534ecca7235e1f0e17c7538d1f823dc	2026-07-23T16:02:37+05:30	2026-07-23T16:02:37+05:30	papers(spectral): Srednicki 2011 — Nonclassical degrees of freedom in the Riemann Hamiltonian (PRL, class C)
87c8b3c4cf78371b22efdeafb2fab111c57a4d3a	967319a9178e6d4176effde775bea35413bd072f	2026-07-23T16:02:37+05:30	2026-07-23T16:02:37+05:30	papers(spectral): Regniers-Van der Jeugt 2010 — H = xp and osp(1|2) (quantization-ambiguity no-go moral)
71dc171e91b2486ff35c182eeb390d70c47bae13	87c8b3c4cf78371b22efdeafb2fab111c57a4d3a	2026-07-23T16:02:37+05:30	2026-07-23T16:02:37+05:30	papers(spectral): Keating-Snaith 2000 — Random matrix theory and zeta(1/2+it) (CUE moment conjecture)
a981c1c5bb1a236f8270603fee334277bea58886	71dc171e91b2486ff35c182eeb390d70c47bae13	2026-07-23T16:02:37+05:30	2026-07-23T16:02:37+05:30	papers(spectral): CFKRS 2005 — Integral moments of L-functions (Conrey-Farmer-Keating-Rubinstein-Snaith recipe)
0798fccaf3efe5682b00540d785b79e02f84aec2	a981c1c5bb1a236f8270603fee334277bea58886	2026-07-23T16:02:37+05:30	2026-07-23T16:02:37+05:30	papers(spectral): Fyodorov-Hiary-Keating 2012 — Freezing transition and extreme values of zeta (PRL)
c5633e64a8baf560c9aafc1856393321fdcc95f6	0798fccaf3efe5682b00540d785b79e02f84aec2	2026-07-23T16:02:37+05:30	2026-07-23T16:02:37+05:30	papers(spectral): Fyodorov-Keating 2014 — Freezing transitions and extreme values: random matrices and zeta (Phil. Trans.)
0b26c2e189aadd7026333ec46e8af4d483735342	c5633e64a8baf560c9aafc1856393321fdcc95f6	2026-07-23T16:02:37+05:30	2026-07-23T16:02:37+05:30	papers(spectral): Arguin-Belius-Bourgade-Radziwill-Soundararajan 2019 — Maximum of zeta in short intervals (FHK leading order proved)
78ccfbd07b587f64e099e6af62564add4ee1cedf	0b26c2e189aadd7026333ec46e8af4d483735342	2026-07-23T16:02:37+05:30	2026-07-23T16:02:37+05:30	papers(spectral): Katz-Sarnak 1999 — Zeroes of zeta functions and symmetry (BAMS)
1879188948fe0214521085b6c24604cb61bd56c8	78ccfbd07b587f64e099e6af62564add4ee1cedf	2026-07-23T16:02:38+05:30	2026-07-23T16:02:38+05:30	papers(spectral): Sarnak 1995 — Arithmetic quantum chaos (Schur Lectures)
55b872c28f5b19343f1619cbe9d4bbf0b0cbdbbc	1879188948fe0214521085b6c24604cb61bd56c8	2026-07-23T16:02:38+05:30	2026-07-23T16:02:38+05:30	papers(spectral): Marklof 2004 — Selberg's trace formula: an introduction (why Selberg-zeta RH is a theorem)
884d0d9d6ccfff6f5b08c4b2c9948e03c57cfc84	55b872c28f5b19343f1619cbe9d4bbf0b0cbdbbc	2026-07-23T16:02:38+05:30	2026-07-23T16:02:38+05:30	papers(spectral): Creffield-Sierra 2015 — Finding zeta zeros through coherent destruction of tunneling (PRA cold atoms)
4cc9b87676791344f8dd2ea1ad7714c7cfd9fdc6	884d0d9d6ccfff6f5b08c4b2c9948e03c57cfc84	2026-07-23T16:02:38+05:30	2026-07-23T16:02:38+05:30	papers(spectral): He et al 2021 — Riemann zeros from Floquet engineering a trapped-ion qubit (npj QI)
82882a4fc6881efad28d87dc9528ccac0138deb3	4cc9b87676791344f8dd2ea1ad7714c7cfd9fdc6	2026-07-23T16:02:39+05:30	2026-07-23T16:02:39+05:30	papers(spectral): Schumayer-Hutchinson 2011 — Physics of the Riemann Hypothesis (Rev. Mod. Phys.)
2c5f17cbcb6b8d9c6151d0e834ec7567eec140e2	82882a4fc6881efad28d87dc9528ccac0138deb3	2026-07-23T16:02:39+05:30	2026-07-23T16:02:39+05:30	notes(spectral): annotated bibliography — Hilbert-Polya program, 35 items + citation-only refs, overall assessment
065ae79aee2d048d09882214af6db7caa98ce037	2c5f17cbcb6b8d9c6151d0e834ec7567eec140e2	2026-07-23T16:03:09+05:30	2026-07-23T16:03:09+05:30	docs(log): spectral completion entry (34 papers + notes committed)
976856f808685766f1d6b8b1f4939d2bba321bb4	065ae79aee2d048d09882214af6db7caa98ce037	2026-07-23T16:03:09+05:30	2026-07-23T16:03:09+05:30	docs(readme): status — spectral/ complete (2/6), 4 agents in flight
3a077621830ad0e97257f5a15e6a4ef4d11ba300	976856f808685766f1d6b8b1f4939d2bba321bb4	2026-07-23T16:07:10+05:30	2026-07-23T16:07:10+05:30	papers(surveys): Riemann 1859 — On the Number of Prime Numbers less than a Given Quantity (Wilkins English translation)
c7af8b58622c259c454f35872d42830b8db5da24	3a077621830ad0e97257f5a15e6a4ef4d11ba300	2026-07-23T16:07:10+05:30	2026-07-23T16:07:10+05:30	papers(surveys): Bombieri 2000 — The Riemann Hypothesis (official Clay Millennium problem description)
f03fe1f4a6bf4ea3c4802c98039ee267816194a5	c7af8b58622c259c454f35872d42830b8db5da24	2026-07-23T16:07:10+05:30	2026-07-23T16:07:10+05:30	papers(surveys): Sarnak 2004 — Problems of the Millennium: The Riemann Hypothesis (Clay annual report)
fbaceadef9922d631359cefd0022fc9d354b9846	f03fe1f4a6bf4ea3c4802c98039ee267816194a5	2026-07-23T16:07:10+05:30	2026-07-23T16:07:10+05:30	papers(surveys): Conrey 2003 — The Riemann Hypothesis (Notices AMS, most-cited modern survey)
2e40b47ce914f071488e00ef0ad0daeb60738abd	fbaceadef9922d631359cefd0022fc9d354b9846	2026-07-23T16:07:10+05:30	2026-07-23T16:07:10+05:30	papers(surveys): Conrey 2011 — The Riemann Hypothesis (MAA Expeditions in Mathematics chapter)
e52231061b4dc25fb2fc8c35d749e4c425da5d98	2e40b47ce914f071488e00ef0ad0daeb60738abd	2026-07-23T16:07:10+05:30	2026-07-23T16:07:10+05:30	papers(surveys): Katz-Sarnak 1999 — Zeroes of zeta functions and symmetry (BAMS)
41245ba048015aeac5b7574055c2c88feca2a9bf	e52231061b4dc25fb2fc8c35d749e4c425da5d98	2026-07-23T16:07:10+05:30	2026-07-23T16:07:10+05:30	papers(surveys): Connes 2015 — An essay on the Riemann Hypothesis (arXiv 1509.05576)
8ef377ae4b7917f63226cc77c87618cd13b3a943	41245ba048015aeac5b7574055c2c88feca2a9bf	2026-07-23T16:07:10+05:30	2026-07-23T16:07:10+05:30	papers(surveys): Bombieri 2019 — PNAS commentary on the Jensen-polynomial hyperbolicity paper
86ec83a196e5e5d3705e32d369d15068d7085134	8ef377ae4b7917f63226cc77c87618cd13b3a943	2026-07-23T16:07:10+05:30	2026-07-23T16:07:10+05:30	papers(surveys): Griffin-Ono-Rolen-Zagier 2019 — Jensen polynomials for zeta and other sequences (PNAS, arXiv 1902.07321)
ae2a6fe093ee9bc36a0b14ddf5641fe4e097f420	86ec83a196e5e5d3705e32d369d15068d7085134	2026-07-23T16:07:11+05:30	2026-07-23T16:07:11+05:30	papers(surveys): Farmer 2020 — Jensen polynomials are not a plausible route to proving RH (arXiv 2008.07206, Adv. Math. 2022)
2382aae336d355897eeaa787fa250e937fb810dc	ae2a6fe093ee9bc36a0b14ddf5641fe4e097f420	2026-07-23T16:07:11+05:30	2026-07-23T16:07:11+05:30	papers(surveys): Rodgers-Tao 2018 — The De Bruijn-Newman constant is non-negative (arXiv 1801.05914)
9a02ebb5c9bf617220512a7c58a0bddea03aeb34	2382aae336d355897eeaa787fa250e937fb810dc	2026-07-23T16:07:11+05:30	2026-07-23T16:07:11+05:30	papers(surveys): Guth-Maynard 2024 — New large value estimates for Dirichlet polynomials (survey-context copy)
c9181ffbbcf01681764058c810245a9a18b986cf	9a02ebb5c9bf617220512a7c58a0bddea03aeb34	2026-07-23T16:07:11+05:30	2026-07-23T16:07:11+05:30	papers(surveys): Odlyzko-te Riele 1985 — Disproof of the Mertens conjecture (coda to the Stieltjes 1885 claim)
95b5eeb408e1f69bb7313c883f33aefeffbeec85	c9181ffbbcf01681764058c810245a9a18b986cf	2026-07-23T16:07:11+05:30	2026-07-23T16:07:11+05:30	papers(surveys): Atiyah 2018 — The Riemann Hypothesis (claimed proof preprint, Todd function; failed)
4eebdf9f87464c0289a8b7f712ea9943c1fe675a	95b5eeb408e1f69bb7313c883f33aefeffbeec85	2026-07-23T16:07:11+05:30	2026-07-23T16:07:11+05:30	papers(surveys): Atiyah 2018 — The Fine Structure Constant (companion preprint; failed)
d1f9acb5a17495438efa5a7a1b976daa45e0f69d	4eebdf9f87464c0289a8b7f712ea9943c1fe675a	2026-07-23T16:07:11+05:30	2026-07-23T16:07:11+05:30	papers(surveys): de Branges — Apology for the Proof of the Riemann Hypothesis (Purdue)
6a9ca563e727f62f539f05b0622cd717a6134865	d1f9acb5a17495438efa5a7a1b976daa45e0f69d	2026-07-23T16:07:11+05:30	2026-07-23T16:07:11+05:30	papers(surveys): de Branges 2017 — claimed proof of RH (89 pp., Hilbert spaces of entire functions)
66877538e2fa693fa3e52062fac909a540edd7b2	6a9ca563e727f62f539f05b0622cd717a6134865	2026-07-23T16:07:11+05:30	2026-07-23T16:07:11+05:30	papers(surveys): Conrey-Li 1998 — A note on some positivity conditions related to zeta and L-functions (arXiv math/9812166; refutes de Branges positivity)
81624a019600134a165b3ca67e5f0cc8a6a18db0	66877538e2fa693fa3e52062fac909a540edd7b2	2026-07-23T16:07:11+05:30	2026-07-23T16:07:11+05:30	notes(surveys): annotated bibliography — surveys, failed proofs (Atiyah/de Branges/Stieltjes/Rademacher anatomy), blog+media extracts
ccc62fdae5dcc25f075c3184e25e5e042f9df380	81624a019600134a165b3ca67e5f0cc8a6a18db0	2026-07-23T16:08:13+05:30	2026-07-23T16:08:13+05:30	papers(alg-geo): Weil 1941 — On the Riemann hypothesis in function-fields (PNAS; the model theorem announced)
15e52099361e076cad1ea9ec27df3c3580d3b9e3	ccc62fdae5dcc25f075c3184e25e5e042f9df380	2026-07-23T16:08:13+05:30	2026-07-23T16:08:13+05:30	papers(alg-geo): Weil 1949 — Numbers of solutions of equations in finite fields (BAMS; states the Weil conjectures)
8d1f4a14a31998bf82b2eb1bd59737b6231523dd	15e52099361e076cad1ea9ec27df3c3580d3b9e3	2026-07-23T16:08:13+05:30	2026-07-23T16:08:13+05:30	papers(alg-geo): Bombieri 1973 — Counting points on curves over finite fields (Bourbaki 430, Stepanov elementary proof)
479c78f04130167b7212b6ac643d375e8af70159	8d1f4a14a31998bf82b2eb1bd59737b6231523dd	2026-07-23T16:08:13+05:30	2026-07-23T16:08:13+05:30	papers(alg-geo): Hindry 2012 — Weil's proof of RH for curves, modern exposition (X-UPS, French)
1c38762b8b5d8219797f87431402b4269a3d7f45	479c78f04130167b7212b6ac643d375e8af70159	2026-07-23T16:08:13+05:30	2026-07-23T16:08:13+05:30	papers(alg-geo): Milne 2015 — The RH over finite fields: from Weil to the present day (arXiv 1509.00797)
aa8fd9e2ce23823ff3fdbc62f775ba2973c5294f	1c38762b8b5d8219797f87431402b4269a3d7f45	2026-07-23T16:08:14+05:30	2026-07-23T16:08:14+05:30	papers(alg-geo): Deligne 1974 — La conjecture de Weil I (RH for all varieties over F_q)
c14c3c91a16e3f385c12e48f45572e8e03914145	aa8fd9e2ce23823ff3fdbc62f775ba2973c5294f	2026-07-23T16:08:15+05:30	2026-07-23T16:08:15+05:30	papers(alg-geo): Deligne 1980 — La conjecture de Weil II (theory of weights)
f848dadfb9da9c86cc8e23f59f996e527186a587	c14c3c91a16e3f385c12e48f45572e8e03914145	2026-07-23T16:08:16+05:30	2026-07-23T16:08:16+05:30	papers(alg-geo): Katz 1976 — An overview of Deligne's proof of RH for varieties over finite fields
da86f3576168d51af946151e73f11541e07200a8	f848dadfb9da9c86cc8e23f59f996e527186a587	2026-07-23T16:08:16+05:30	2026-07-23T16:08:16+05:30	papers(alg-geo): Grothendieck 1969 — Standard conjectures on algebraic cycles (motivic route, still open)
f9163dbc72abd320de6f12c315a514ca32874c2b	da86f3576168d51af946151e73f11541e07200a8	2026-07-23T16:08:16+05:30	2026-07-23T16:08:16+05:30	papers(alg-geo): Milne 2002 — Polarizations and Grothendieck's standard conjectures (Annals)
0913038b02f185da56035c5e0d73d4bf308ad4d0	f9163dbc72abd320de6f12c315a514ca32874c2b	2026-07-23T16:08:16+05:30	2026-07-23T16:08:16+05:30	papers(alg-geo): Milne 2012 — Motives: Grothendieck's Dream (why motives over Q lack a Frobenius)
4d020dbee1aba00220fcd79fa99874ffa5f19358	0913038b02f185da56035c5e0d73d4bf308ad4d0	2026-07-23T16:08:16+05:30	2026-07-23T16:08:16+05:30	papers(alg-geo): Manin 1995 — Lectures on zeta functions and motives (Asterisque 228, F1/RH charter)
eff95095e01949442d76da273aa69faf836f3b1c	4d020dbee1aba00220fcd79fa99874ffa5f19358	2026-07-23T16:08:16+05:30	2026-07-23T16:08:16+05:30	papers(alg-geo): Soule 2004 — Les varietes sur le corps a un element (arXiv math/0304444)
fc6cec502b30e8279b901a40deea61837b0f0a10	eff95095e01949442d76da273aa69faf836f3b1c	2026-07-23T16:08:16+05:30	2026-07-23T16:08:16+05:30	papers(alg-geo): Deitmar 2005 — Schemes over F1 (monoid schemes, provably only toric)
b16ae2164dce22d7daae50fe76f3d99dc381d1bb	fc6cec502b30e8279b901a40deea61837b0f0a10	2026-07-23T16:08:17+05:30	2026-07-23T16:08:17+05:30	papers(alg-geo): Borger 2009 — Lambda-rings and the field with one element (Frobenius lifts as F1-descent)
af11cef0cfb2a0347dbfe702d7e9db66f7f592b0	b16ae2164dce22d7daae50fe76f3d99dc381d1bb	2026-07-23T16:08:17+05:30	2026-07-23T16:08:17+05:30	papers(alg-geo): Lorscheid 2018 — F1 for everyone (comparative survey of F1 formalisms)
c7164e7cc319eecd0e476aa6c7d4e300c3052b35	af11cef0cfb2a0347dbfe702d7e9db66f7f592b0	2026-07-23T16:08:19+05:30	2026-07-23T16:08:19+05:30	papers(alg-geo): Bost-Connes 1995 — Hecke algebras, type III factors and phase transitions with SSB (Selecta; partition function zeta)
00bc41466c6265fd976fbbd9b92c80b288730844	c7164e7cc319eecd0e476aa6c7d4e300c3052b35	2026-07-23T16:08:19+05:30	2026-07-23T16:08:19+05:30	papers(alg-geo): Connes-Marcolli 2004 — Quantum statistical mechanics of Q-lattices (GL2 extension)
2590d1c82a35324e22dcb609f8355b2a6c51467c	00bc41466c6265fd976fbbd9b92c80b288730844	2026-07-23T16:08:19+05:30	2026-07-23T16:08:19+05:30	papers(alg-geo): Connes 1998 — Trace formula in NCG and the zeros of zeta (arXiv math/9811068; category anchor copy)
740e3fda0e78b00ada738c40707e78640d7669a2	2590d1c82a35324e22dcb609f8355b2a6c51467c	2026-07-23T16:08:19+05:30	2026-07-23T16:08:19+05:30	papers(alg-geo): Connes 2015 — An essay on the Riemann Hypothesis (category anchor copy)
7f6410cd454ab634427cafb50332a031be069193	740e3fda0e78b00ada738c40707e78640d7669a2	2026-07-23T16:08:19+05:30	2026-07-23T16:08:19+05:30	papers(alg-geo): Connes-Consani 2014 — The Arithmetic Site (CRAS note)
6aa23b4b8f4435e8b7ee6851a1edcae537f35c41	7f6410cd454ab634427cafb50332a031be069193	2026-07-23T16:08:19+05:30	2026-07-23T16:08:19+05:30	papers(alg-geo): Connes-Consani 2015 — Geometry of the Arithmetic Site (Adv. Math.; the square + Frobenius correspondences)
e957556174778075b1a5002413341fc9ee970d2e	6aa23b4b8f4435e8b7ee6851a1edcae537f35c41	2026-07-23T16:08:19+05:30	2026-07-23T16:08:19+05:30	papers(alg-geo): Connes-Consani 2016 — Geometry of the Scaling Site (Selecta; tropical curve, RR on periodic orbits)
e2affa8f0aae4673cc64ceaa45e163ac99242b0c	e957556174778075b1a5002413341fc9ee970d2e	2026-07-23T16:08:20+05:30	2026-07-23T16:08:20+05:30	papers(alg-geo): Connes-Consani 2018 — The Riemann-Roch strategy: complex lift of the Scaling Site (transplant plan in full)
fe534225df9631fcd0c60952d48d31e409203cd2	e2affa8f0aae4673cc64ceaa45e163ac99242b0c	2026-07-23T16:08:20+05:30	2026-07-23T16:08:20+05:30	papers(alg-geo): Connes-Consani 2020 — Weil positivity and trace formula: the archimedean place (Selecta; unconditional for support ratio <= 2)
9371c9411c567a9bbdb073b744bc08f9618b5de0	fe534225df9631fcd0c60952d48d31e409203cd2	2026-07-23T16:08:20+05:30	2026-07-23T16:08:20+05:30	papers(alg-geo): Connes-Consani 2021 — Spectral triples and zeta-cycles (31 zeros numerically)
7e6f25896a769d43b015b90907c95ed2f0639387	9371c9411c567a9bbdb073b744bc08f9618b5de0	2026-07-23T16:08:20+05:30	2026-07-23T16:08:20+05:30	papers(alg-geo): Connes-Consani 2022 — Riemann-Roch for Spec Z-bar (integer-dimension RR + Serre duality)
ab2b4b3ae8e4b02e74c587b823acf1eb5c16f76e	7e6f25896a769d43b015b90907c95ed2f0639387	2026-07-23T16:08:20+05:30	2026-07-23T16:08:20+05:30	papers(alg-geo): Connes-Consani 2023 — Riemann-Roch for the ring Z
5cc9ec9dfdf9d8933083dfbe8509d4a5d3ffc1b6	ab2b4b3ae8e4b02e74c587b823acf1eb5c16f76e	2026-07-23T16:08:20+05:30	2026-07-23T16:08:20+05:30	papers(alg-geo): Connes-Consani 2024 — Knots, primes and the adele class space (arithmetic topology realized)
6b95b40609ecbf9746d854f8416c2235f34e50a1	5cc9ec9dfdf9d8933083dfbe8509d4a5d3ffc1b6	2026-07-23T16:08:20+05:30	2026-07-23T16:08:20+05:30	papers(alg-geo): Connes-Consani 2025 — Knots, primes and class field theory
2f25356df59ca3e147a990702152ae17c8d48350	6b95b40609ecbf9746d854f8416c2235f34e50a1	2026-07-23T16:08:20+05:30	2026-07-23T16:08:20+05:30	papers(alg-geo): Connes-Consani-Moscovici 2023 — Zeta zeros and prolate wave operators (semilocal Sonin stability)
91e8e5d3aaf45d768c674c9c8ffac55f40376cc5	2f25356df59ca3e147a990702152ae17c8d48350	2026-07-23T16:08:20+05:30	2026-07-23T16:08:20+05:30	papers(alg-geo): Connes-Consani-Moscovici 2025 — Zeta Spectral Triples (spectral convergence would prove RH)
2050009384cd4735a6b596f2127d923f625ee68b	91e8e5d3aaf45d768c674c9c8ffac55f40376cc5	2026-07-23T16:08:20+05:30	2026-07-23T16:08:20+05:30	papers(alg-geo): Connes-Consani 2026 — On the Jacobian of Spec Z-bar (Picard monoid of the adele class space)
2958b494812a31366fe0278bcf623a64ef072fd9	2050009384cd4735a6b596f2127d923f625ee68b	2026-07-23T16:08:20+05:30	2026-07-23T16:08:20+05:30	papers(alg-geo): Connes-Consani 2026 — On the Absolute Geometry of Spec Z and the Fargues-Fontaine curve (perfectoid bridge)
fa3d8eabbc25b8faf51c80ea2419dbaee356f8ee	2958b494812a31366fe0278bcf623a64ef072fd9	2026-07-23T16:08:20+05:30	2026-07-23T16:08:20+05:30	papers(alg-geo): Deninger 1998 — ICM talk: cohomological formalism + foliated dynamical systems (arXiv math/9809110)
a50aff03b83826ab97f330623acf17e5a345d2f2	fa3d8eabbc25b8faf51c80ea2419dbaee356f8ee	2026-07-23T16:08:20+05:30	2026-07-23T16:08:20+05:30	papers(alg-geo): Deninger 2018 — Dynamical systems for arithmetic schemes (functorial construction)
31e6954281d268dbfa2344f595eccc99792e957e	a50aff03b83826ab97f330623acf17e5a345d2f2	2026-07-23T16:08:21+05:30	2026-07-23T16:08:21+05:30	papers(alg-geo): Deninger 2023 — Primes, knots and periodic orbits (survey of the dynamical picture)
d060620b7392e6def13115beb8efafb7a37b8f88	31e6954281d268dbfa2344f595eccc99792e957e	2026-07-23T16:08:21+05:30	2026-07-23T16:08:21+05:30	papers(alg-geo): Morishita 2025 — Deninger's dynamical systems vs Connes-Consani adelic spaces (the two programs converge)
e65358708a2c6ce4261a88cfccefb6749c33d4be	d060620b7392e6def13115beb8efafb7a37b8f88	2026-07-23T16:08:21+05:30	2026-07-23T16:08:21+05:30	papers(alg-geo): Sarnak 2004 — Clay Millennium RH commentary (calibration copy in this category)
e5ff912ad07c78953982f5e28b2fee315ab539dd	e65358708a2c6ce4261a88cfccefb6749c33d4be	2026-07-23T16:08:21+05:30	2026-07-23T16:08:21+05:30	notes(alg-geo): annotated bibliography — Weil transplant program, 37+ items, 741 lines, precise Connes-Consani scoreboard
86f05d56805984ef1300579bb6294cc963d5fdff	e5ff912ad07c78953982f5e28b2fee315ab539dd	2026-07-23T16:09:15+05:30	2026-07-23T16:09:15+05:30	papers(analytic): Hardy-Littlewood 1921 — The zeros of Riemann's zeta-function on the critical line (Math. Z. 10; N0(T) > cT)
a06a66153967bb9a7b60d35f48a5b6523df58d62	86f05d56805984ef1300579bb6294cc963d5fdff	2026-07-23T16:09:16+05:30	2026-07-23T16:09:16+05:30	papers(analytic): Levinson 1974 — More than one third of zeros are on sigma=1/2 (Adv. Math. 13)
23540ed6d2ca8a8fe28c9ac4f6d631c0680111d8	a06a66153967bb9a7b60d35f48a5b6523df58d62	2026-07-23T16:09:16+05:30	2026-07-23T16:09:16+05:30	papers(analytic): Conrey 1989 — More than two fifths of zeros are on the critical line (Crelle 399)
87d2509daa90f65c1b6a8baa8c9e40c6e221f41d	23540ed6d2ca8a8fe28c9ac4f6d631c0680111d8	2026-07-23T16:09:16+05:30	2026-07-23T16:09:16+05:30	papers(analytic): Bui-Conrey-Young 2011 — More than 41% of zeros on the critical line (arXiv 1002.4127)
e3aaa1d9576d704e6a0a128bbee1cbccae8b3f06	87d2509daa90f65c1b6a8baa8c9e40c6e221f41d	2026-07-23T16:09:16+05:30	2026-07-23T16:09:16+05:30	papers(analytic): Feng 2012 — Zeros of zeta on the critical line, claimed 41.28% (arXiv 1003.0059)
6e9cb86afd774e7c53450754ecf521e48cce62c6	e3aaa1d9576d704e6a0a128bbee1cbccae8b3f06	2026-07-23T16:09:16+05:30	2026-07-23T16:09:16+05:30	papers(analytic): Pratt-Robles-Zaharescu-Zeindler 2020 — More than 5/12 of zeros on the line, current record 41.7% (arXiv 1802.10521)
dc2e85b01e6797c9922cbb87e6f7aa0342f7679f	6e9cb86afd774e7c53450754ecf521e48cce62c6	2026-07-23T16:09:16+05:30	2026-07-23T16:09:16+05:30	papers(analytic): Baluyot-Goldston-Suriajaya-Turnage-Butterbaugh 2025 — Pair correlation I: 2/3 on line under narrow-box hypothesis (arXiv 2501.14545)
6a0eafdf09fcc5fee967e93a324c93f045318eb9	dc2e85b01e6797c9922cbb87e6f7aa0342f7679f	2026-07-23T16:09:16+05:30	2026-07-23T16:09:16+05:30	papers(analytic): Goldston-Suriajaya 2025 — Zeta zeros on the critical line, state-of-art survey (arXiv 2511.20059; category copy)
8e44d8752ef0783709aa2484426ef3fdaa5ee13d	6a0eafdf09fcc5fee967e93a324c93f045318eb9	2026-07-23T16:09:16+05:30	2026-07-23T16:09:16+05:30	papers(analytic): Guth-Maynard 2024 — New large value estimates for Dirichlet polynomials (arXiv 2405.20552; category anchor copy)
80603f3b7ed174ef5aeb3333438b258a80bc77aa	8e44d8752ef0783709aa2484426ef3fdaa5ee13d	2026-07-23T16:09:16+05:30	2026-07-23T16:09:16+05:30	papers(analytic): Guth 2025 — Large value estimates in NT, harmonic analysis and CS (arXiv 2503.07410; category copy)
de2bbb5ac52e556369f6adc735436b7e6031cdaf	80603f3b7ed174ef5aeb3333438b258a80bc77aa	2026-07-23T16:09:16+05:30	2026-07-23T16:09:16+05:30	papers(analytic): Tao-Trudgian-Yang 2025 — New exponent pairs, zero density estimates + ANTEDB (arXiv 2501.16779)
8232478f4ac3a0692d9110499ba74eb555672bb1	de2bbb5ac52e556369f6adc735436b7e6031cdaf	2026-07-23T16:09:16+05:30	2026-07-23T16:09:16+05:30	papers(analytic): Chen 2025 — GM large values in q-aspect: zero density 7/3 for Dirichlet L (arXiv 2507.08296; category copy)
3a752f84e8b411462780240e346c338227a53943	8232478f4ac3a0692d9110499ba74eb555672bb1	2026-07-23T16:09:16+05:30	2026-07-23T16:09:16+05:30	papers(analytic): Runbo Li 2024 — Primes in almost all short intervals n^(1/21.5) (arXiv 2407.05651)
9e34c2bfcca87718041cdd0e9b474a6db2b82198	3a752f84e8b411462780240e346c338227a53943	2026-07-23T16:09:16+05:30	2026-07-23T16:09:16+05:30	papers(analytic): Mossinghoff-Trudgian 2015 — Nonnegative trigonometric polynomials + explicit zero-free region 5.5734 (arXiv 1410.3926)
8477a1ca2d1abe615081a3a28845940c49c17149	9e34c2bfcca87718041cdd0e9b474a6db2b82198	2026-07-23T16:09:17+05:30	2026-07-23T16:09:17+05:30	papers(analytic): Mossinghoff-Trudgian-Yang 2024 — Explicit zero-free regions, constant 5.5587 (arXiv 2212.06867)
d81ac0310684389831e39ce4dbd4c72d20d3a081	8477a1ca2d1abe615081a3a28845940c49c17149	2026-07-23T16:09:17+05:30	2026-07-23T16:09:17+05:30	papers(analytic): Bellotti 2023 — Explicit Vinogradov-Korobov zero-free region, constant 54.004 (arXiv 2306.10680)
b0ee03267e657a1d6a33beda322ad9790610c79b	d81ac0310684389831e39ce4dbd4c72d20d3a081	2026-07-23T16:09:17+05:30	2026-07-23T16:09:17+05:30	papers(analytic): Bellotti-Trudgian-Yang 2026 — Record classical zero-free region 1/(4.896 log t) (arXiv 2603.21490)
1da66b9265ea177b9d8d73edd1a16ccb52e3cef2	b0ee03267e657a1d6a33beda322ad9790610c79b	2026-07-23T16:09:17+05:30	2026-07-23T16:09:17+05:30	papers(analytic): Bourgain 2017 — Decoupling, exponential sums and the zeta function: 13/84 Lindelof record (arXiv 1408.5794)
31ef66e8164c71045155594bce6f564a214c34d1	1da66b9265ea177b9d8d73edd1a16ccb52e3cef2	2026-07-23T16:09:17+05:30	2026-07-23T16:09:17+05:30	papers(analytic): Rodgers-Tao 2018 — The de Bruijn-Newman constant is non-negative (arXiv 1801.05914; category anchor copy)
4df3e26136494bb311411b6f9db9f8be1f685108	31ef66e8164c71045155594bce6f564a214c34d1	2026-07-23T16:09:17+05:30	2026-07-23T16:09:17+05:30	papers(analytic): Polymath15 2019 — Effective approximation of heat flow evolution: Lambda <= 0.22 (arXiv 1904.12438)
e19d2951ca7bc79def2670a1cd61cfae0652ecab	4df3e26136494bb311411b6f9db9f8be1f685108	2026-07-23T16:09:17+05:30	2026-07-23T16:09:17+05:30	papers(analytic): Booker 2006 — Turing and the Riemann Hypothesis (Notices AMS; Turing's certification method)
4a9fee5f74ad374a40bdc31627b395b4d988073a	e19d2951ca7bc79def2670a1cd61cfae0652ecab	2026-07-23T16:09:17+05:30	2026-07-23T16:09:17+05:30	papers(analytic): Odlyzko 1987 — Distribution of spacings between zeros (Math. Comp. 48; category copy)
2ed92eac488c3caa9fdf46bb46183bcee802d73e	4a9fee5f74ad374a40bdc31627b395b4d988073a	2026-07-23T16:09:17+05:30	2026-07-23T16:09:17+05:30	papers(analytic): Odlyzko 1992 — The 10^20-th zero and 175M neighbors (category copy)
7974839d838e82d4847da890c691db0bc9d2c743	2ed92eac488c3caa9fdf46bb46183bcee802d73e	2026-07-23T16:09:17+05:30	2026-07-23T16:09:17+05:30	papers(analytic): Gourdon 2004 — The first 10^13 zeros and zeros computation at very large height (non-rigorous arithmetic)
ebd02c8a804e2b493fc52e139470f2ad5ad393f9	7974839d838e82d4847da890c691db0bc9d2c743	2026-07-23T16:09:17+05:30	2026-07-23T16:09:17+05:30	papers(analytic): Platt-Trudgian 2021 — The Riemann hypothesis is true up to 3*10^12 (arXiv 2004.09765)
a19ad45fdb24fd739c41ceaa5a93c5676e073196	ebd02c8a804e2b493fc52e139470f2ad5ad393f9	2026-07-23T16:09:17+05:30	2026-07-23T16:09:17+05:30	papers(analytic): Zhang 2022 — Discrete mean estimates and the Landau-Siegel zero (arXiv 2211.02515; category copy, status unaccepted)
4b2b5b0074eaa125538fcd064ec959bdc492bde7	a19ad45fdb24fd739c41ceaa5a93c5676e073196	2026-07-23T16:09:17+05:30	2026-07-23T16:09:17+05:30	papers(analytic): Speiser 1935 — Geometrisches zur Riemannschen Zetafunktion (Math. Ann.; RH iff zeta-prime has no zeros left of line)
fe94e5f13ab8c30c3c7453cdc4fe6faf3f77d76f	4b2b5b0074eaa125538fcd064ec959bdc492bde7	2026-07-23T16:09:17+05:30	2026-07-23T16:09:17+05:30	notes(analytic): annotated bibliography — 39 items, 558 lines; why mollifiers cap below 50%, what Guth-Maynard changes
03406d422b82bf879c7b9640c83d072a913e6ae7	fe94e5f13ab8c30c3c7453cdc4fe6faf3f77d76f	2026-07-23T16:09:50+05:30	2026-07-23T16:09:50+05:30	papers(criteria): Bombieri 2000 — Remarks on Weil's quadratic functional in the theory of prime numbers I (Lincei)
9b816133ed3605be7c25d55b2625a74ff6626097	03406d422b82bf879c7b9640c83d072a913e6ae7	2026-07-23T16:09:50+05:30	2026-07-23T16:09:50+05:30	papers(criteria): Connes-Consani 2020 — Weil positivity and trace formula, archimedean place (arXiv 2006.13771; criteria copy)
08b4afa4cf71d18e0077d4ba0aae76925ca0e46e	9b816133ed3605be7c25d55b2625a74ff6626097	2026-07-23T16:09:50+05:30	2026-07-23T16:09:50+05:30	papers(criteria): Groskin 2026 — Tail bounds for the truncated Weil quadratic form (arXiv 2607.02828)
bc748a74864a15e72dbbb509ac7ba125c4ee746d	08b4afa4cf71d18e0077d4ba0aae76925ca0e46e	2026-07-23T16:09:50+05:30	2026-07-23T16:09:50+05:30	papers(criteria): Voros 2004 — Sharpenings of Li's criterion for the RH (arXiv math/0404213)
4386bd05e20efcdb4e7d313941ca4b6b7247f75c	bc748a74864a15e72dbbb509ac7ba125c4ee746d	2026-07-23T16:09:50+05:30	2026-07-23T16:09:50+05:30	papers(criteria): Voros 2016 — Discretized Keiper/Li approach to the RH, simplified (arXiv 1602.03292)
d9a40f974f97881918ac5668bb8bd60a0840ce04	4386bd05e20efcdb4e7d313941ca4b6b7247f75c	2026-07-23T16:09:50+05:30	2026-07-23T16:09:50+05:30	papers(criteria): Coffey 2005 — Toward verification of the RH: application of the Li criterion (arXiv math-ph/0505052)
34c8f8adf9007e092d85be943701a4bc9e1d4b4f	d9a40f974f97881918ac5668bb8bd60a0840ce04	2026-07-23T16:09:50+05:30	2026-07-23T16:09:50+05:30	papers(criteria): Maslanka 2004 — Li's criterion for the RH: numerical approach (arXiv math/0402168)
e4a514f612971a41c1ea885a5e9b4b604680337f	34c8f8adf9007e092d85be943701a4bc9e1d4b4f	2026-07-23T16:09:50+05:30	2026-07-23T16:09:50+05:30	papers(criteria): Lagarias 2004 — Li coefficients for automorphic L-functions (arXiv math/0404394)
e6f6a6b728d2ee1dd1219ce489997ea2a03f7a06	e4a514f612971a41c1ea885a5e9b4b604680337f	2026-07-23T16:09:50+05:30	2026-07-23T16:09:50+05:30	papers(criteria): Sekatskii 2013 — Generalized Bombieri-Lagarias theorem and generalized Li criterion (arXiv 1304.7895)
3f8d19526dfd3edc430809cd15023a7581238120	e6f6a6b728d2ee1dd1219ce489997ea2a03f7a06	2026-07-23T16:09:50+05:30	2026-07-23T16:09:50+05:30	papers(criteria): Beurling 1955 — A closure problem related to the Riemann zeta-function (PNAS)
5e9bd26fe6fdd2165a44650d0dc77bdb29791b18	3f8d19526dfd3edc430809cd15023a7581238120	2026-07-23T16:09:50+05:30	2026-07-23T16:09:50+05:30	papers(criteria): Baez-Duarte 2002 — A strengthening of the Nyman-Beurling criterion I (arXiv math/0202141)
243cb02defd8c3bb34fd7badaadcc72a8e05f774	5e9bd26fe6fdd2165a44650d0dc77bdb29791b18	2026-07-23T16:09:50+05:30	2026-07-23T16:09:50+05:30	papers(criteria): Baez-Duarte 2002 — A strengthening of the Nyman-Beurling criterion II (arXiv math/0205003)
de91ee5054ee7f2efab65c62f6963acabff8040e	243cb02defd8c3bb34fd7badaadcc72a8e05f774	2026-07-23T16:09:50+05:30	2026-07-23T16:09:50+05:30	papers(criteria): Baez-Duarte 2005 — Moebius convolutions and the Riemann hypothesis (arXiv math/0504402)
f46a9dec0a25604e82d21e41b3341efdaf5ae337	de91ee5054ee7f2efab65c62f6963acabff8040e	2026-07-23T16:09:50+05:30	2026-07-23T16:09:50+05:30	papers(criteria): Burnol 2001 — Lower bound in the Nyman-Beurling problem d_N^2 >= sum m(rho)^2/|rho|^2/log N (arXiv math/0103058)
23352729699e95f06e380a7504fb768736e0ce2c	f46a9dec0a25604e82d21e41b3341efdaf5ae337	2026-07-23T16:09:50+05:30	2026-07-23T16:09:50+05:30	papers(criteria): Burnol 2002 — A lower bound in an approximation problem involving the zeros of zeta (arXiv math/0202166)
5e523b0dd29a79fe8d24d583c9b0873f269ee9a7	23352729699e95f06e380a7504fb768736e0ce2c	2026-07-23T16:09:51+05:30	2026-07-23T16:09:51+05:30	papers(criteria): Bettin-Conrey-Farmer 2012 — Optimal constant in the Nyman-Beurling approximation, conditional (arXiv 1211.5191)
2d601ba9d2b7ad6108f33e4a15b01826740e864c	5e523b0dd29a79fe8d24d583c9b0873f269ee9a7	2026-07-23T16:09:51+05:30	2026-07-23T16:09:51+05:30	papers(criteria): Derevyanko-Kovalenko 2018 — Nyman-Beurling via cotangent sums (arXiv 1811.04399)
fd16d1249b579188b38be89e06c1231d0d563022	2d601ba9d2b7ad6108f33e4a15b01826740e864c	2026-07-23T16:09:51+05:30	2026-07-23T16:09:51+05:30	papers(criteria): Darses-Hillion 2020 — Polynomial Nyman-Beurling generalizations (arXiv 2006.02953)
1d8df91f2b6cf045439efd20ddbfc0432bf2cd3b	fd16d1249b579188b38be89e06c1231d0d563022	2026-07-23T16:09:51+05:30	2026-07-23T16:09:51+05:30	papers(criteria): Ehm 2024 — Nyman-Beurling Gram matrices (arXiv 2405.06349)
44d8f45e2b5b9e6a49d496b91dbe50c47449df39	1d8df91f2b6cf045439efd20ddbfc0432bf2cd3b	2026-07-23T16:09:51+05:30	2026-07-23T16:09:51+05:30	papers(criteria): Lagarias 2000 — An elementary problem equivalent to the RH: sigma(n) <= H_n + exp(H_n)log(H_n) (arXiv math/0008177)
4216ebace2db2c001d57e309427389a27506a8e2	44d8f45e2b5b9e6a49d496b91dbe50c47449df39	2026-07-23T16:09:51+05:30	2026-07-23T16:09:51+05:30	papers(criteria): Choie-Lichiardopol-Moree-Sole 2006 — On Robin's criterion for the RH (arXiv math/0604314)
46b48f209a2c2758eed26f6024b454ccb29e394e	4216ebace2db2c001d57e309427389a27506a8e2	2026-07-23T16:09:51+05:30	2026-07-23T16:09:51+05:30	papers(criteria): Morrill-Platt 2018 — Robin's inequality for 20-free integers (arXiv 1809.10813)
f84fdc3ba7410a65191045adc5b57d026adf1dcc	46b48f209a2c2758eed26f6024b454ccb29e394e	2026-07-23T16:09:51+05:30	2026-07-23T16:09:51+05:30	papers(criteria): Axler 2021 — Robin's inequality progress (arXiv 2110.13478)
382711eadb89c3601e13235a4eab4be95c6cf8f4	f84fdc3ba7410a65191045adc5b57d026adf1dcc	2026-07-23T16:09:51+05:30	2026-07-23T16:09:51+05:30	papers(criteria): Nicolas 2012 — Small values of the Euler function and the RH (arXiv 1202.0729)
c5655266531bf35980820af90aec1e0f7e3cfaab	382711eadb89c3601e13235a4eab4be95c6cf8f4	2026-07-23T16:09:51+05:30	2026-07-23T16:09:51+05:30	papers(criteria): Choie-Planat-Sole 2010 — On Nicolas criterion for the RH (arXiv 1012.3613)
292c1431c5be45a1d070b8c6f5cc60a9093eff30	c5655266531bf35980820af90aec1e0f7e3cfaab	2026-07-23T16:09:51+05:30	2026-07-23T16:09:51+05:30	papers(criteria): Sekatskii-Beltraminelli-Merlini 2008 — Integral equalities for log zeta: covers Balazard-Saias-Yor and Volchkov criteria (arXiv 0806.1596)
9d52d5fd58a16ae8ff3634ae971a8ab6bf74da70	292c1431c5be45a1d070b8c6f5cc60a9093eff30	2026-07-23T16:09:51+05:30	2026-07-23T16:09:51+05:30	papers(criteria): Riesz 1916 — Sur l'hypothese de Riemann (English translation; the Riesz series criterion)
200d62d9eff08b33aaa27b9b79bad53af372b0f4	9d52d5fd58a16ae8ff3634ae971a8ab6bf74da70	2026-07-23T16:09:52+05:30	2026-07-23T16:09:52+05:30	papers(criteria): Hardy-Littlewood 1918 — Contributions to the theory of the Riemann zeta-function (incl. the HL series criterion)
75bacf4aeb8253bd07ec6b824bf4acf1567146af	200d62d9eff08b33aaa27b9b79bad53af372b0f4	2026-07-23T16:09:52+05:30	2026-07-23T16:09:52+05:30	papers(criteria): Baez-Duarte 2005 — A sequential Riesz-like criterion for the RH (IJMMS)
a5da79b84aeef512e3e147297d64ac931ff34307	75bacf4aeb8253bd07ec6b824bf4acf1567146af	2026-07-23T16:09:52+05:30	2026-07-23T16:09:52+05:30	papers(criteria): Cislo-Wolf 2006 — Equivalence of Riesz and Baez-Duarte criteria (arXiv math/0607782)
af3d87a6abaf84c1de2301a56036c5fbebe65ce6	a5da79b84aeef512e3e147297d64ac931ff34307	2026-07-23T16:09:52+05:30	2026-07-23T16:09:52+05:30	papers(criteria): Cislo-Wolf 2008 — On the Riesz and Baez-Duarte criteria, numerical study (arXiv 0807.2971)
2b80ebd71db537431e43768d72ba212df18c64b4	af3d87a6abaf84c1de2301a56036c5fbebe65ce6	2026-07-23T16:09:52+05:30	2026-07-23T16:09:52+05:30	papers(criteria): Wolf 2006 — Evidence in favor of the Baez-Duarte criterion (arXiv math/0605485)
f0b9cb22e73147623601621258c13e2e5855f6ad	2b80ebd71db537431e43768d72ba212df18c64b4	2026-07-23T16:09:52+05:30	2026-07-23T16:09:52+05:30	papers(criteria): Maslanka 2006 — Baez-Duarte criterion and Rice integrals (arXiv math/0603713)
f4073fea5985795fd0b769440d56de391d2ece53	f0b9cb22e73147623601621258c13e2e5855f6ad	2026-07-23T16:09:52+05:30	2026-07-23T16:09:52+05:30	papers(criteria): Paris 2021 — Numerics on the Riesz function (arXiv 2107.02800)
55dfd2af978c765686d4418a6c0b1d74e4eed220	f4073fea5985795fd0b769440d56de391d2ece53	2026-07-23T16:09:52+05:30	2026-07-23T16:09:52+05:30	papers(criteria): Garg-Maji 2022 — Hardy-Littlewood/Riesz-type criteria for GRH (arXiv 2208.07596)
515257124171b6a58f601ce23b9fc69dd4765279	55dfd2af978c765686d4418a6c0b1d74e4eed220	2026-07-23T16:09:52+05:30	2026-07-23T16:09:52+05:30	papers(criteria): Clement-Steinerberger 2025 — Largest singular vector of the Redheffer matrix (arXiv 2502.09489)
c10da3c75ada9e4601a55dcc0ec8c78d6142b6fb	515257124171b6a58f601ce23b9fc69dd4765279	2026-07-23T16:09:52+05:30	2026-07-23T16:09:52+05:30	papers(criteria): 2024 — BCZ-map discretized RH analog via Farey sequences (arXiv 2407.03099)
3e8eb30e056791b5d0bf1f9a0c00675bf0b34479	c10da3c75ada9e4601a55dcc0ec8c78d6142b6fb	2026-07-23T16:09:52+05:30	2026-07-23T16:09:52+05:30	papers(criteria): Garunkstis et al 2019 — Speiser equivalent for the Selberg class (arXiv 1904.03123)
597d6cc3910c3c663ac9cdce9999c9fc289e4e14	3e8eb30e056791b5d0bf1f9a0c00675bf0b34479	2026-07-23T16:09:52+05:30	2026-07-23T16:09:52+05:30	papers(criteria): Patkowski 2020 — Salem-type integral-equation criteria (arXiv 2003.00581)
827f3f5dae80a8a9ba28c067eaacf940c1531583	597d6cc3910c3c663ac9cdce9999c9fc289e4e14	2026-07-23T16:09:52+05:30	2026-07-23T16:09:52+05:30	papers(criteria): Gonzalez-Negrin 2026 — New Salem-type equivalences (arXiv 2604.15396)
ba0803fa42347c102c8c56d345ef2edcd436018a	827f3f5dae80a8a9ba28c067eaacf940c1531583	2026-07-23T16:09:53+05:30	2026-07-23T16:09:53+05:30	papers(criteria): Sondow-Dumitrescu 2010 — A monotonicity property of Riemann's xi function (arXiv 1005.1104)
49833b32a7a575d188eabef5eb57dfb56f32466a	ba0803fa42347c102c8c56d345ef2edcd436018a	2026-07-23T16:09:53+05:30	2026-07-23T16:09:53+05:30	papers(criteria): de Branges — Apology for the proof of the Riemann Hypothesis (Purdue; criteria-category copy)
8507c7abd611a0f86d45aa680b00b4bb30f1a252	49833b32a7a575d188eabef5eb57dfb56f32466a	2026-07-23T16:09:53+05:30	2026-07-23T16:09:53+05:30	papers(criteria): de Branges 2017 — claimed proof, Hilbert spaces of entire functions (criteria-category copy)
c7a217ac3e85c94233deccaeef1f28f61437d6f9	8507c7abd611a0f86d45aa680b00b4bb30f1a252	2026-07-23T16:09:53+05:30	2026-07-23T16:09:53+05:30	papers(criteria): Conrey-Li 1998 — positivity conditions refuting the de Branges approach (arXiv math/9812166; criteria copy)
b43ab2f39eaa2d7074a575521f9945fcf2c8bddb	c7a217ac3e85c94233deccaeef1f28f61437d6f9	2026-07-23T16:09:53+05:30	2026-07-23T16:09:53+05:30	papers(criteria): AIM — Riemann Hypothesis survey compendium
eecdaab3a23ac1998c6e2566c078143f65df0612	b43ab2f39eaa2d7074a575521f9945fcf2c8bddb	2026-07-23T16:09:53+05:30	2026-07-23T16:09:53+05:30	notes(criteria): annotated bibliography — every equivalence family with precise statements, attack history, why difficulty is conserved
eb28cdd4ff8ecfa7793992fff20031eec6ce91e8	eecdaab3a23ac1998c6e2566c078143f65df0612	2026-07-23T16:10:41+05:30	2026-07-23T16:10:41+05:30	docs(log): collection phase complete — 6/6 agents, 178 PDFs, 191 commits
d7006d1f5decb806e448beab773877d664718286	eb28cdd4ff8ecfa7793992fff20031eec6ce91e8	2026-07-23T16:10:41+05:30	2026-07-23T16:10:41+05:30	docs(readme): status — collection complete, synthesis in progress
edee646af1300b19371b5a09b5f804508102b66b	d7006d1f5decb806e448beab773877d664718286	2026-07-23T16:14:07+05:30	2026-07-23T16:14:07+05:30	docs: BREAKDOWN.md — full synthesis: three walls, ranked verdicts per approach family, proof-shape predictions, watch list
83978ec748bdc14b99a865f86c70177df44e3962	edee646af1300b19371b5a09b5f804508102b66b	2026-07-23T16:14:07+05:30	2026-07-23T16:14:07+05:30	docs(log): synthesis complete entry
b98812dacc815902e22a94deb09a812ee797bae8	83978ec748bdc14b99a865f86c70177df44e3962	2026-07-23T16:14:07+05:30	2026-07-23T16:14:07+05:30	docs(readme): phase complete — point to BREAKDOWN.md
57a7f8c55f6b5782708587e8d95e6a50618cae39	b98812dacc815902e22a94deb09a812ee797bae8	2026-07-23T16:14:51+05:30	2026-07-23T16:14:51+05:30	docs(log): heartbeat 10:44 UTC — no changes, archive stable at 178 PDFs
de03f3a8d23ac05610a1463f0a3bbb3b461ad1d8	57a7f8c55f6b5782708587e8d95e6a50618cae39	2026-07-23T16:14:51+05:30	2026-07-23T16:14:51+05:30	docs(readme): status timestamp refresh (heartbeat)
6149f432f290d8faa24a6a8bcc5b0170e665811f	de03f3a8d23ac05610a1463f0a3bbb3b461ad1d8	2026-07-23T16:27:55+05:30	2026-07-23T16:27:55+05:30	docs: ATTACK.md — deep attack map: boundary-feasible convexity framing, no-go map, T1 one-prime Weil positivity target, research portfolio
4c4afb92cc50e1037cf3dc6d7566b962e174e2b9	6149f432f290d8faa24a6a8bcc5b0170e665811f	2026-07-23T16:27:55+05:30	2026-07-23T16:27:55+05:30	docs(log): deep-dive pass entry (ATTACK.md synthesis details)
c27d530ffb7264f0edac0c33767bbdab9a3e45f6	4c4afb92cc50e1037cf3dc6d7566b962e174e2b9	2026-07-23T16:27:55+05:30	2026-07-23T16:27:55+05:30	docs(readme): link ATTACK.md deep dive
94de99514906d988ee420412e8853a7f06d2e6d2	c27d530ffb7264f0edac0c33767bbdab9a3e45f6	2026-07-23T16:40:13+05:30	2026-07-23T16:40:13+05:30	exp(weil): T1 numerical engine — Weil form in sine basis, arithmetic vs spectral sides, validated to 1e-5 against Odlyzko zeros
67602164b5e98d933329b3eeb736ec219f0ea861	94de99514906d988ee420412e8853a7f06d2e6d2	2026-07-23T16:40:13+05:30	2026-07-23T16:40:13+05:30	exp(weil): Odlyzko table, first 100k zeta zeros (spectral-side ground truth)
52af40b9b27d29988eb07fac3c7c253dbafa99d6	67602164b5e98d933329b3eeb736ec219f0ea861	2026-07-23T16:42:37+05:30	2026-07-23T16:42:37+05:30	exp(weil): plotting script for sweep + minimizer profiles
c1288be3f223e5a87f64982932284fe6d77b6647	52af40b9b27d29988eb07fac3c7c253dbafa99d6	2026-07-23T16:42:37+05:30	2026-07-23T16:42:37+05:30	docs(log): experiment phase opened — engine validated, sweep launched
02a743d4aa4e2d0113374188af82e531de4018fb	c1288be3f223e5a87f64982932284fe6d77b6647	2026-07-23T16:47:24+05:30	2026-07-23T16:47:24+05:30	exp(weil): sweep data — L in [0.20,2.00], N=48, margin/total/deficit + per-L identity validation
78bb87b100cbd9bef981ac1173b866497cc37a8d	02a743d4aa4e2d0113374188af82e531de4018fb	2026-07-23T16:47:24+05:30	2026-07-23T16:47:24+05:30	exp(weil): total-form minimizer profiles at L=0.3..1.9
d6f964444fb6e5c6f975f89f13b51a09889f4b06	78bb87b100cbd9bef981ac1173b866497cc37a8d	2026-07-23T16:47:24+05:30	2026-07-23T16:47:24+05:30	exp(weil): figures — four-regime sweep plot; minimizers develop nodes at actual zeta zeros
2254645db72b530f03e00847ec84db233c53f12d	d6f964444fb6e5c6f975f89f13b51a09889f4b06	2026-07-23T16:47:24+05:30	2026-07-23T16:47:24+05:30	exp(weil): RESULTS.md — four regimes of Weil positivity; perturbative window ends at L~0.39; archimedean dominance ends L*~0.59; criticality pinning to 1e-6
6b84b384aec460623ef28c6cfc4cef9ffb7491a7	2254645db72b530f03e00847ec84db233c53f12d	2026-07-23T16:48:14+05:30	2026-07-23T16:48:14+05:30	docs(attack): section 12 — experimental addendum, T4a findings update T1 assessment
89207a2700405dfe2f538887269e6284c13325cc	6b84b384aec460623ef28c6cfc4cef9ffb7491a7	2026-07-23T16:48:14+05:30	2026-07-23T16:48:14+05:30	docs(log): sweep results entry — four regimes, landmarks, honesty note
14a0b0331984a5ffaa897daa4aff935fad737528	89207a2700405dfe2f538887269e6284c13325cc	2026-07-23T16:48:14+05:30	2026-07-23T16:48:14+05:30	docs(readme): surface first experiment + results link
febc3fdded40b55eaa4b0429b236a791ddb32ead	14a0b0331984a5ffaa897daa4aff935fad737528	2026-07-23T16:49:22+05:30	2026-07-23T16:49:22+05:30	docs(log): tick 11:18 — clean tree, timestamp corrections noted
05d0da76caa636b136705653dae36a856d009420	febc3fdded40b55eaa4b0429b236a791ddb32ead	2026-07-23T16:49:22+05:30	2026-07-23T16:49:22+05:30	docs(readme): timestamp fix + current next-step (T1 tracks)
9cffc527c796fc4e4081ae5b527fcf6b59694798	05d0da76caa636b136705653dae36a856d009420	2026-07-23T16:53:41+05:30	2026-07-23T16:53:41+05:30	docs(log): heartbeat 11:23 UTC — no changes
72b5e9cfe3ae0526d316e31210b1fb8186230ba6	9cffc527c796fc4e4081ae5b527fcf6b59694798	2026-07-23T16:53:41+05:30	2026-07-23T16:53:41+05:30	docs(readme): status timestamp refresh (heartbeat)
ba53e39904992e28cf6b54268c789342bb743ebd	72b5e9cfe3ae0526d316e31210b1fb8186230ba6	2026-07-23T17:13:42+05:30	2026-07-23T17:13:42+05:30	docs(log): heartbeat 11:43 UTC — no changes
ca39d2f709f79f63ce29853d685ddde2e0d56b95	ba53e39904992e28cf6b54268c789342bb743ebd	2026-07-23T17:13:42+05:30	2026-07-23T17:13:42+05:30	docs(readme): status timestamp refresh (heartbeat)
af55413a4f8be1545e46b5ce1e84d02c889099ef	ca39d2f709f79f63ce29853d685ddde2e0d56b95	2026-07-23T17:21:17+05:30	2026-07-23T17:21:17+05:30	theory(T1): Lemma 1 proven (1/2-factor dipole bound, sharp); spatial architecture refuted; sharp invariant mu(L); just-in-time prime rescue discovered
063fa3feb9afb50c5074152f241b504565403f81	af55413a4f8be1545e46b5ce1e84d02c889099ef	2026-07-23T17:21:17+05:30	2026-07-23T17:21:17+05:30	exp(T1): block-constants computation (spatial architecture test)
b7fd38a6e52bf88212d4b96393d337a286a2de5d	063fa3feb9afb50c5074152f241b504565403f81	2026-07-23T17:21:17+05:30	2026-07-23T17:21:17+05:30	exp(T1): block constants data — 2x2 spatial criterion fails, q saturation confirms Lemma 1
ade92077307ee05eb4f53addf9257d8d316afe9d	b7fd38a6e52bf88212d4b96393d337a286a2de5d	2026-07-23T17:21:17+05:30	2026-07-23T17:21:17+05:30	exp(T1): mu(L) invariant data — headroom 0.69 -> 0.008 across one-prime window; mu=-1.05 at L=0.58 (p=3 rescue)
fdc0ef468cdfaea27969ee045ac88a470634a082	ade92077307ee05eb4f53addf9257d8d316afe9d	2026-07-23T17:21:51+05:30	2026-07-23T17:21:51+05:30	docs(log): T1 increment — Lemma 1, refutation, mu invariant, just-in-time rescue
8fab9d7dab8a230c06e90ec7da97d07d9c6001da	fdc0ef468cdfaea27969ee045ac88a470634a082	2026-07-23T17:21:51+05:30	2026-07-23T17:21:51+05:30	docs(readme): surface T1 architecture increment
bb649d59366b7d0b1931a4d9c07e2d249d3e98f4	8fab9d7dab8a230c06e90ec7da97d07d9c6001da	2026-07-23T17:23:28+05:30	2026-07-23T17:23:28+05:30	exp(T1): rescue-cascade data — every truncation indefinite, completion lands at 0 to 1e-5, term-wise non-monotone
72c0e7674f78045ead3371a9bbaa6e86a869aa2f	bb649d59366b7d0b1931a4d9c07e2d249d3e98f4	2026-07-23T17:23:28+05:30	2026-07-23T17:23:28+05:30	theory(T1): completion-criticality section — the explicit-formula weights complete every window exactly to the positivity boundary
08349801272e0e4e37b6f883d47043eae4688da3	72c0e7674f78045ead3371a9bbaa6e86a869aa2f	2026-07-23T17:23:47+05:30	2026-07-23T17:23:47+05:30	docs(log): completion-criticality entry + cycle ledger
7484163f825a421cefb1a59de8d5a92cad0c0880	08349801272e0e4e37b6f883d47043eae4688da3	2026-07-23T17:23:47+05:30	2026-07-23T17:23:47+05:30	docs(readme): timestamp refresh
61ea5eb169b49c6581abe5c3b238f8d3a584fb14	7484163f825a421cefb1a59de8d5a92cad0c0880	2026-07-23T17:31:20+05:30	2026-07-23T17:31:20+05:30	exp(T1): mu-extremal vector structure — mixed core/dipole mode, spectral mass in the (2pi, gamma_1) cheap band, 83% of allowed prime correlation
d73801a36382be6b4b489e0f4f7a0067b90c65f6	61ea5eb169b49c6581abe5c3b238f8d3a584fb14	2026-07-23T17:31:20+05:30	2026-07-23T17:31:20+05:30	exp(T1): Arb ball-arithmetic certification pipeline — analytic integrands (sinc form, symmetrized digamma), rigorous tails, certified Cholesky
a51e3c350e6210bc492b76df5add970da9dff9ce	d73801a36382be6b4b489e0f4f7a0067b90c65f6	2026-07-23T17:33:12+05:30	2026-07-23T17:33:12+05:30	exp(T1): CERTIFIED W >= 0.072606||f||^2 on explicit 14-dim family, L=0.45, prime-2 active — Arb verified end-to-end, 56s
fe730431f5f4ecd7186c5828a154409ad0a51f5c	a51e3c350e6210bc492b76df5add970da9dff9ce	2026-07-23T17:33:22+05:30	2026-07-23T17:33:22+05:30	theory(T1): Certified Result 1 section + sharpened uncertainty-type target from mu-extremal structure
8d8ba718a07cb68d50a03dae00be37e840a9ceea	fe730431f5f4ecd7186c5828a154409ad0a51f5c	2026-07-23T17:33:51+05:30	2026-07-23T17:33:51+05:30	docs(log): Certified Result 1 entry
fc5b3f38ce9f6fa8d76de7582b9a0fe3e4c6ad11	8d8ba718a07cb68d50a03dae00be37e840a9ceea	2026-07-23T17:33:51+05:30	2026-07-23T17:33:51+05:30	docs(readme): surface Certified Result 1
c8e4bc42826e6f3aa8a13b8f33573486bf8b421d	fc5b3f38ce9f6fa8d76de7582b9a0fe3e4c6ad11	2026-07-23T17:36:01+05:30	2026-07-23T17:36:01+05:30	exp(T1): parametric certification pipeline (any L, auto R_CUT, full in-window prime set)
d92253aee587ce157750ea4521ba9df05aa3a88e	c8e4bc42826e6f3aa8a13b8f33573486bf8b421d	2026-07-23T17:36:01+05:30	2026-07-23T17:36:01+05:30	theory(T1): Lemma 1-prime — general prime-power norm bound, explicit total prime-norm constants per window
a21f7a0176a63351a6be524cfa7c6991f8094abd	d92253aee587ce157750ea4521ba9df05aa3a88e	2026-07-23T17:41:09+05:30	2026-07-23T17:41:09+05:30	exp(T1): CERTIFIED curve — W >= 0.01484 (L=0.50), >= 0.00129 (L=0.545), >= 0.000076 (L=0.60, primes {2,3}) on explicit 14-dim families
3c9f91cc368eb5cec323400fddc06e667b6448eb	a21f7a0176a63351a6be524cfa7c6991f8094abd	2026-07-23T17:41:09+05:30	2026-07-23T17:41:09+05:30	theory(T1): Certified Results 2-4 table + honest framing (subspace arch still positive at L=0.60; rescue remains full-space)
90bd46e3934e92aa9fbe85991a25cfa78c5be9da	3c9f91cc368eb5cec323400fddc06e667b6448eb	2026-07-23T17:41:27+05:30	2026-07-23T17:41:27+05:30	docs(log): certified curve entry (Results 2-4)
0576fda9fad917fe810be40a353d36e60853c6db	90bd46e3934e92aa9fbe85991a25cfa78c5be9da	2026-07-23T17:41:27+05:30	2026-07-23T17:41:27+05:30	docs(readme): certified positivity curve surfaced
01ff572b12496ae13533723e8db02c52811465eb	0576fda9fad917fe810be40a353d36e60853c6db	2026-07-23T17:43:29+05:30	2026-07-23T17:43:29+05:30	exp(T1): rescue certification pipeline — certified negative arch direction + certified total positivity from one rigorous assembly
d7d225134a6c57afa03d51992a7059b243eabe24	01ff572b12496ae13533723e8db02c52811465eb	2026-07-23T17:44:26+05:30	2026-07-23T17:44:26+05:30	docs(note): consolidated research note — regime map, lemmas, mu invariant, certified curve, discoveries, reproducibility
4c07d05a18884605db7895463f25f32172e423a7	d7d225134a6c57afa03d51992a7059b243eabe24	2026-07-23T17:44:49+05:30	2026-07-23T17:44:49+05:30	docs(log): rescue launch + NOTE.md consolidation
577628424598faf61aead91930de4fa347c2c884	4c07d05a18884605db7895463f25f32172e423a7	2026-07-23T17:44:49+05:30	2026-07-23T17:44:49+05:30	docs(readme): timestamp refresh
52b528dedb29aa8c97eda8cd4e5601afab64a3fa	577628424598faf61aead91930de4fa347c2c884	2026-07-23T17:45:40+05:30	2026-07-23T17:45:40+05:30	docs(log): tick 12:15 — archive stable, rescue job mid-run
b8fa376a84044a13a013a670e5e0c84acb14153a	52b528dedb29aa8c97eda8cd4e5601afab64a3fa	2026-07-23T17:45:40+05:30	2026-07-23T17:45:40+05:30	docs(readme): tick refresh, rescue job noted
b7be7346399e8790c07db45de4817d59ba424673	b8fa376a84044a13a013a670e5e0c84acb14153a	2026-07-23T17:47:11+05:30	2026-07-23T17:47:11+05:30	exp(T1): RESCUE CERTIFIED — vTGv = -0.02776 +/- 6e-9 (arch indefinite) AND W >= 2.06e-5 (total coercive) on same 22-dim family, L=0.62, primes {2,3}
7c47e17447d7808a074e6fa66a4e5bea799766f7	b7be7346399e8790c07db45de4817d59ba424673	2026-07-23T17:47:11+05:30	2026-07-23T17:47:11+05:30	theory(T1): Certified Result 5 — arithmetic rescue machine-verified
e9858c0c94120c8b935505530fe892a03c732634	7c47e17447d7808a074e6fa66a4e5bea799766f7	2026-07-23T17:47:11+05:30	2026-07-23T17:47:11+05:30	docs(note): certified rescue added to consolidated note
cc34af7bc92c2ba53816dd79ed374749bf292d2c	e9858c0c94120c8b935505530fe892a03c732634	2026-07-23T17:47:38+05:30	2026-07-23T17:47:38+05:30	docs(log): Certified Result 5 entry
7f04c7b991a12edd970856ae83f352f9af95c5ba	cc34af7bc92c2ba53816dd79ed374749bf292d2c	2026-07-23T17:47:38+05:30	2026-07-23T17:47:38+05:30	docs(readme): rescue certification result surfaced
d3ec748f8246fca3195f2feb6dd2dd7a615f5d0d	7f04c7b991a12edd970856ae83f352f9af95c5ba	2026-07-23T17:49:03+05:30	2026-07-23T17:49:03+05:30	theory(T1): Lemma 1-doubleprime — full equality-case characterization (dipole extremals)
1de1a03b19d1a6381dc2f81230e0fe628aa58dda	d3ec748f8246fca3195f2feb6dd2dd7a615f5d0d	2026-07-23T17:56:30+05:30	2026-07-23T17:56:30+05:30	exp(T1): certified scaling at L=0.545 — c = 0.001245 (22-dim), 0.001195 (30-dim); certificates track full-space infimum within ~6%
25b68901b246be1f31e80917e585e04e4fe5f154	1de1a03b19d1a6381dc2f81230e0fe628aa58dda	2026-07-23T17:56:49+05:30	2026-07-23T17:56:49+05:30	theory(T1): Certified Result 6 — scaling table
93ca95807b769008a61ee09ed09846832b64c5b6	25b68901b246be1f31e80917e585e04e4fe5f154	2026-07-23T17:56:49+05:30	2026-07-23T17:56:49+05:30	docs(log): Lemma 1-doubleprime + CR6 entries
25033b2bbb7f7bfebddacb890064a9ef3130f6af	93ca95807b769008a61ee09ed09846832b64c5b6	2026-07-23T17:56:49+05:30	2026-07-23T17:56:49+05:30	docs(readme): timestamp refresh
f446b92b856874a738cbcde8664a30a6a79a520a	25033b2bbb7f7bfebddacb890064a9ef3130f6af	2026-07-23T18:04:38+05:30	2026-07-23T18:04:38+05:30	exp(T1): frontier certificate — W >= 7.3e-6 at L=0.64 (deepest); certification frontier mapped, lambda_min decays ~e^{-56L} toward three-prime threshold
2ace7ae65647787a37badee9e682f333c864a022	f446b92b856874a738cbcde8664a30a6a79a520a	2026-07-23T18:06:14+05:30	2026-07-23T18:06:14+05:30	docs(gaps): sharp gap analysis — 6 precise openings from cross-reading proofs vs measurements (coercivity gap, delta-route, CF dictionary, e^{-4gamma1 L} law, Deninger test, log2 frontier)
e60fb9aa1a1df63844cd5f9230c0857b219e3e31	2ace7ae65647787a37badee9e682f333c864a022	2026-07-23T18:06:15+05:30	2026-07-23T18:06:15+05:30	exp(gap4): high-precision scaling-law test pipeline
dcd27e615949d20f1651a5933db43865a5d1876c	e60fb9aa1a1df63844cd5f9230c0857b219e3e31	2026-07-23T18:06:41+05:30	2026-07-23T18:06:41+05:30	docs(log): gap-hunt cycle — CR7 frontier, GAPS.md, law test launch
7d240a88ab908a46e02f72b7e7e8b605779ff5e9	dcd27e615949d20f1651a5933db43865a5d1876c	2026-07-23T18:06:41+05:30	2026-07-23T18:06:41+05:30	docs(readme): surface GAPS.md
77d40ba0b3b86861570c30fc7afbafdc6d0de619	7d240a88ab908a46e02f72b7e7e8b605779ff5e9	2026-07-23T18:07:30+05:30	2026-07-23T18:07:30+05:30	docs(log): tick 12:37 — archive stable, law test mid-run
70a7515e238876636e64bfd675f3a0b4c73718d4	77d40ba0b3b86861570c30fc7afbafdc6d0de619	2026-07-23T18:07:30+05:30	2026-07-23T18:07:30+05:30	docs(readme): tick refresh
e11bc5ce6be189498f58f8ff990a5dccec515ca1	70a7515e238876636e64bfd675f3a0b4c73718d4	2026-07-23T18:18:24+05:30	2026-07-23T18:18:24+05:30	THEOREM A: explicit coercivity c0 of the archimedean Weil form on the prime-free window — full proof (monotonicity + trace identity + rearrangement), closes Gap 1
3315e2a1045d50ee22fcf686be82197f624fcd1f	e11bc5ce6be189498f58f8ff990a5dccec515ca1	2026-07-23T18:18:24+05:30	2026-07-23T18:18:24+05:30	exp(thmA): certification script — verified band masses + certified Stieltjes bound
5f981fa1c957047fc24f1d8d7265e9d03880f10c	3315e2a1045d50ee22fcf686be82197f624fcd1f	2026-07-23T18:18:24+05:30	2026-07-23T18:18:24+05:30	exp(thmA): CERTIFIED c0 >= 0.349152 (ball radius 5e-30)
0584d8b5cb61a51f73d36ad267ca5a6f9a4c6f0c	5f981fa1c957047fc24f1d8d7265e9d03880f10c	2026-07-23T18:18:43+05:30	2026-07-23T18:18:43+05:30	docs(gaps): Gap 1 CLOSED by Theorem A
a1eeaf4f4834a66200abdf38fe8872ca6381a671	0584d8b5cb61a51f73d36ad267ca5a6f9a4c6f0c	2026-07-23T18:18:43+05:30	2026-07-23T18:18:43+05:30	docs(note): Theorem A section added
d5bc41a976c6f68dd9da98e4cfb2a67bb322841c	a1eeaf4f4834a66200abdf38fe8872ca6381a671	2026-07-23T18:19:12+05:30	2026-07-23T18:19:12+05:30	docs(log): Theorem A cycle — Gap 1 closed
0cfb78b966e320a9c4f1e60b0608c0c0ad53321a	d5bc41a976c6f68dd9da98e4cfb2a67bb322841c	2026-07-23T18:19:12+05:30	2026-07-23T18:19:12+05:30	docs(readme): Theorem A surfaced
8649e2818709f4c87f9f0fdd7f337c820bb450ea	0cfb78b966e320a9c4f1e60b0608c0c0ad53321a	2026-07-23T18:20:48+05:30	2026-07-23T18:20:48+05:30	exp(gap4): fix arb->float conversion crash; float64 eig of arb midpoints
2b613c532e3b6e94eee7d377bf8699bca332f228	8649e2818709f4c87f9f0fdd7f337c820bb450ea	2026-07-23T18:20:48+05:30	2026-07-23T18:20:48+05:30	docs(log): tick 12:51 — law test patched and relaunched
be5d75141b68614ae2d6ff01d7f1240c858174c6	2b613c532e3b6e94eee7d377bf8699bca332f228	2026-07-23T18:20:48+05:30	2026-07-23T18:20:48+05:30	docs(readme): tick refresh
ad6243f0ca4e55d1463f51d03b4641980d2fa4b1	be5d75141b68614ae2d6ff01d7f1240c858174c6	2026-07-23T18:33:28+05:30	2026-07-23T18:33:28+05:30	theory(T1): assembly no-go analysis — spatial routes (sharp AND smooth/IMS) quantitatively closed; T1 must be won via the spectral moment hierarchy
069e9c04bfda594a37c41f2191341d840d0605bc	ad6243f0ca4e55d1463f51d03b4641980d2fa4b1	2026-07-23T18:34:15+05:30	2026-07-23T18:34:15+05:30	docs(log): tick 13:03 — no-go analysis noted, two jobs in flight
f7545c0be5ebad0e8c0759eb9bc8bb01a3d9e0c5	069e9c04bfda594a37c41f2191341d840d0605bc	2026-07-23T18:34:15+05:30	2026-07-23T18:34:15+05:30	docs(readme): tick refresh
e9341805bd8090fa1556ff813c8ee22311c23378	f7545c0be5ebad0e8c0759eb9bc8bb01a3d9e0c5	2026-07-23T18:49:22+05:30	2026-07-23T18:49:22+05:30	docs(gaps): Gap 3 RESOLVED by direct reading of CCM 2025 — CF mechanism positivity-agnostic; dictionary runs the other way (our certificates verify their Thm 1.1 hypotheses)
cdc0e58597f97e8ccc876703aa6f36e82e555826	e9341805bd8090fa1556ff813c8ee22311c23378	2026-07-23T18:49:48+05:30	2026-07-23T18:49:48+05:30	docs(log): full-send cycle — Gap 3 resolved, second-moment negative, honest saturation of the moment ladder
711b9af7cb95dd6b7d7caa8122c491a3a7625121	cdc0e58597f97e8ccc876703aa6f36e82e555826	2026-07-23T18:49:48+05:30	2026-07-23T18:49:48+05:30	docs(readme): tick refresh
71c7076846f5ac5e37ed8ef013eea8b145afc5e1	711b9af7cb95dd6b7d7caa8122c491a3a7625121	2026-07-23T18:57:45+05:30	2026-07-23T18:57:45+05:30	exp: certified razor corridor — inf of full Weil form at L=0.70 window in [0, 1.187e-7] (upper bound rigorous)
4d4d0d5279288cefdf0551a8bce16e04850b3bba	71c7076846f5ac5e37ed8ef013eea8b145afc5e1	2026-07-23T18:57:45+05:30	2026-07-23T18:57:45+05:30	docs(leads): seven vetted leads — graded-mode T1 architecture (survives all no-gos), eps_N certification service, razor corridor, 4gamma1 derivation, repeated-orbit seam, GMxPC, Lean CI
0cb9e60ceeeb006084e4b9dbe37f00142b76a15c	4d4d0d5279288cefdf0551a8bce16e04850b3bba	2026-07-23T18:58:11+05:30	2026-07-23T18:58:11+05:30	docs(log): leads cycle entry
8f2c9ae89f35ae223847dc49ff8be12f31da47f3	0cb9e60ceeeb006084e4b9dbe37f00142b76a15c	2026-07-23T18:58:11+05:30	2026-07-23T18:58:11+05:30	docs(readme): surface LEADS.md + razor corridor
80950013675df3a136c6df94921625d503318293	8f2c9ae89f35ae223847dc49ff8be12f31da47f3	2026-07-23T18:58:49+05:30	2026-07-23T18:58:49+05:30	exp(gap4): law test — reduced tail target 1e-9, NaN guard, scipy eigh fallback, L range [0.64,0.72]
f8a7d06915f3380f4e3a698e855d6cbb65dfd6d6	80950013675df3a136c6df94921625d503318293	2026-07-23T18:59:23+05:30	2026-07-23T18:59:23+05:30	docs(log): tick 13:28 — law test first datapoint, cross-validates float engine
ca9126375c929013b4a19e70354c8d07f9d631d1	f8a7d06915f3380f4e3a698e855d6cbb65dfd6d6	2026-07-23T18:59:23+05:30	2026-07-23T18:59:23+05:30	docs(readme): tick refresh
70fa45f83fa0f5218179de337cba52709a2b4ab2	ca9126375c929013b4a19e70354c8d07f9d631d1	2026-07-23T19:14:02+05:30	2026-07-23T19:14:02+05:30	exp(gap4): law test COMPLETE — 4gamma1 law REFUTED (slopes -62.4, -76 vs predicted -56.5; decay accelerates)
0e9343d598665e60237a3bd45a2c6039f85b1358	70fa45f83fa0f5218179de337cba52709a2b4ab2	2026-07-23T19:14:02+05:30	2026-07-23T19:14:02+05:30	docs(gaps): Gap 4 REFUTED — accelerating decay, multi-zero suppression mechanism
d5dce795520318888f21ebaea972088f2be14aad	0e9343d598665e60237a3bd45a2c6039f85b1358	2026-07-23T19:14:25+05:30	2026-07-23T19:14:25+05:30	docs(log): tick 13:43 — Gap 4 refuted, gap scoreboard
cd1247d8d49276b52770511dd117da64d17ffe5b	d5dce795520318888f21ebaea972088f2be14aad	2026-07-23T19:14:25+05:30	2026-07-23T19:14:25+05:30	docs(readme): tick refresh
44585a759c23dc9834180d847d4870aeac99862d	cd1247d8d49276b52770511dd117da64d17ffe5b	2026-07-23T19:33:49+05:30	2026-07-23T19:33:49+05:30	docs(log): heartbeat 14:03 UTC — no changes
efd2e8ca43f5cd9a5be76b20b00ee4c2cf2877e3	44585a759c23dc9834180d847d4870aeac99862d	2026-07-23T19:33:49+05:30	2026-07-23T19:33:49+05:30	docs(readme): status timestamp refresh (heartbeat)
61be749ca47ba0e85951211d3b7225bed5d0426d	efd2e8ca43f5cd9a5be76b20b00ee4c2cf2877e3	2026-07-23T19:53:46+05:30	2026-07-23T19:53:46+05:30	docs(log): heartbeat 14:23 UTC — no changes
2f9e3360c9c6770214107f18e5348ebfed65ef10	61be749ca47ba0e85951211d3b7225bed5d0426d	2026-07-23T19:53:46+05:30	2026-07-23T19:53:46+05:30	docs(readme): status timestamp refresh (heartbeat)
98d6b4307802f047fe73526bfa4f48955bc8ebf1	2f9e3360c9c6770214107f18e5348ebfed65ef10	2026-07-23T20:13:44+05:30	2026-07-23T20:13:44+05:30	docs(log): heartbeat 14:43 UTC — no changes
f6698241b0d9aef363e83ecdc6b012e6acd4e7ec	98d6b4307802f047fe73526bfa4f48955bc8ebf1	2026-07-23T20:13:44+05:30	2026-07-23T20:13:44+05:30	docs(readme): status timestamp refresh (heartbeat)
bf36cef8597617654dadc04c81ed902e0bc54d71	f6698241b0d9aef363e83ecdc6b012e6acd4e7ec	2026-07-23T20:33:50+05:30	2026-07-23T20:33:50+05:30	docs(log): heartbeat 15:03 UTC — no changes
9bb4c60fb197fcca6bf8f6c65354fe1e7f34d650	bf36cef8597617654dadc04c81ed902e0bc54d71	2026-07-23T20:33:50+05:30	2026-07-23T20:33:50+05:30	docs(readme): status timestamp refresh (heartbeat)
5912b8a132f6b262e0af788e729cbbc0306e0152	9bb4c60fb197fcca6bf8f6c65354fe1e7f34d650	2026-07-23T21:53:57+05:30	2026-07-23T21:53:57+05:30	docs(log): heartbeat 16:23 UTC — batched ticks, no changes
7839e9d73d1cd72775ccee815b0e92ba08cea6b5	5912b8a132f6b262e0af788e729cbbc0306e0152	2026-07-23T21:53:57+05:30	2026-07-23T21:53:57+05:30	docs(readme): status timestamp refresh (heartbeat)
85f315574a82ca4b04c76f4175b453fec6e32435	7839e9d73d1cd72775ccee815b0e92ba08cea6b5	2026-07-23T22:13:49+05:30	2026-07-23T22:13:49+05:30	docs(log): heartbeat 16:43 UTC — no changes
373877fa1b53def7b779a6a26c90e5ac49a9e6db	85f315574a82ca4b04c76f4175b453fec6e32435	2026-07-23T22:13:49+05:30	2026-07-23T22:13:49+05:30	docs(readme): status timestamp refresh (heartbeat)
6a6979a800c851f757e50e1c478e5b088baf521f	373877fa1b53def7b779a6a26c90e5ac49a9e6db	2026-07-23T22:33:49+05:30	2026-07-23T22:33:49+05:30	docs(log): heartbeat 17:03 UTC — no changes
55ace27a08cc8db6c977253fe8f9ca2ec33b4958	6a6979a800c851f757e50e1c478e5b088baf521f	2026-07-23T22:33:49+05:30	2026-07-23T22:33:49+05:30	docs(readme): status timestamp refresh (heartbeat)
3391e078f3ff2f0e838823a01a6e3bec0b3ca369	55ace27a08cc8db6c977253fe8f9ca2ec33b4958	2026-07-23T22:53:51+05:30	2026-07-23T22:53:51+05:30	docs(log): heartbeat 17:23 UTC — no changes
3b057bfed2833e154850a85470fec22b9d26407c	3391e078f3ff2f0e838823a01a6e3bec0b3ca369	2026-07-23T22:53:51+05:30	2026-07-23T22:53:51+05:30	docs(readme): status timestamp refresh (heartbeat)
3fba1e954f76392f3c32ec89af4bc8ad3228dcda	3b057bfed2833e154850a85470fec22b9d26407c	2026-07-23T23:13:51+05:30	2026-07-23T23:13:51+05:30	docs(log): heartbeat 17:43 UTC — no changes
acf67e498277dbb773f741567968892c8c23dae3	3fba1e954f76392f3c32ec89af4bc8ad3228dcda	2026-07-23T23:13:51+05:30	2026-07-23T23:13:51+05:30	docs(readme): status timestamp refresh (heartbeat)
ec49bf934aec09ffdf07b30e2b129222039a1c97	acf67e498277dbb773f741567968892c8c23dae3	2026-07-23T23:37:09+05:30	2026-07-23T23:37:09+05:30	docs(log): heartbeat 18:03 UTC — no changes
be0f93daf519cb280bb66e66bf2fa25868f07b69	ec49bf934aec09ffdf07b30e2b129222039a1c97	2026-07-23T23:37:09+05:30	2026-07-23T23:37:09+05:30	docs(readme): status timestamp refresh (heartbeat)
128c219cce918172ecb34934e8e7cd2a93b199d1	be0f93daf519cb280bb66e66bf2fa25868f07b69	2026-07-23T23:53:40+05:30	2026-07-23T23:53:40+05:30	docs(log): heartbeat 18:23 UTC — no changes
88a3a078de7daa219d5d688ded12da6b56ecd317	128c219cce918172ecb34934e8e7cd2a93b199d1	2026-07-23T23:53:40+05:30	2026-07-23T23:53:40+05:30	docs(readme): status timestamp refresh (heartbeat)
a798e762d912b6bc38636ade089c9f55034c4611	88a3a078de7daa219d5d688ded12da6b56ecd317	2026-07-23T23:57:09+05:30	2026-07-23T23:57:09+05:30	docs(log): observability cron retired — final session-state entry
9e26a9a503a7a65dcaffb3ccf6e341d7ea2cc471	a798e762d912b6bc38636ade089c9f55034c4611	2026-07-24T00:13:46+05:30	2026-07-24T00:13:46+05:30	docs(log): heartbeat 18:43 UTC — no changes
648431785da4e6854071ebc87e338b95d2c4c258	9e26a9a503a7a65dcaffb3ccf6e341d7ea2cc471	2026-07-24T00:13:46+05:30	2026-07-24T00:13:46+05:30	docs(readme): status timestamp refresh (heartbeat)
a073bf2249381babc38a0bd943a516be2716e946	648431785da4e6854071ebc87e338b95d2c4c258	2026-07-24T00:33:48+05:30	2026-07-24T00:33:48+05:30	docs(log): heartbeat 19:03 UTC — no changes
818bc131784611c67043d4594f825f9133a9c0e5	a073bf2249381babc38a0bd943a516be2716e946	2026-07-24T00:33:48+05:30	2026-07-24T00:33:48+05:30	docs(readme): status timestamp refresh (heartbeat)
30d1746fdefeadb28a4818fe3b81641074d6814a	818bc131784611c67043d4594f825f9133a9c0e5	2026-07-24T00:53:47+05:30	2026-07-24T00:53:47+05:30	docs(log): heartbeat 19:23 UTC — no changes
737370a78703b4ee22f23663729b182fdd8bdb2a	30d1746fdefeadb28a4818fe3b81641074d6814a	2026-07-24T00:53:47+05:30	2026-07-24T00:53:47+05:30	docs(readme): status timestamp refresh (heartbeat)
cae8ed7ac9025fe961b7c48158215cd4c3794f3e	737370a78703b4ee22f23663729b182fdd8bdb2a	2026-07-24T02:44:50+05:30	2026-07-24T02:44:50+05:30	chore(license): add Apache License 2.0 (copyright Kuber Mehta)
39260542a7627de174143d2070a2f806842bea2e	cae8ed7ac9025fe961b7c48158215cd4c3794f3e	2026-07-24T02:46:01+05:30	2026-07-24T02:46:01+05:30	docs(indexes): add directory READMEs for papers/, notes/, experiments/ (with third-party copyright carve-out in papers/)
e5ea3e876f32fff244fcc2e51b900a27e87d9467	39260542a7627de174143d2070a2f806842bea2e	2026-07-24T02:49:07+05:30	2026-07-24T02:49:07+05:30	docs(findings): add tiered honest ledger of results, retractions, and open items
46e45214c85727cf5003928307405c951a59941c	e5ea3e876f32fff244fcc2e51b900a27e87d9467	2026-07-24T02:50:25+05:30	2026-07-24T02:50:25+05:30	docs(solvers): add resource-kit entry point (reading order, barriers, live openings, reproduction, calibration)
14fb3a121a24e07fca32eb231ad7b2b93d22317b	46e45214c85727cf5003928307405c951a59941c	2026-07-24T02:51:27+05:30	2026-07-24T02:51:27+05:30	docs(readme): overhaul for public release; add CITATION.cff
de38a35a890c5f1be9d298b7178711e1f84aef7f	14fb3a121a24e07fca32eb231ad7b2b93d22317b	2026-07-24T02:52:52+05:30	2026-07-24T02:52:52+05:30	docs(log): public-release preparation entry; standardize release dating on UTC
16d6b6938c7a796a52e84afb5b9dc9f3e2683221	de38a35a890c5f1be9d298b7178711e1f84aef7f	2026-08-11T10:33:02Z	2026-08-11T10:33:02Z	docs(log): session open 2026-08-11 — three new inputs triaged (Anthropic 2/3 unconditional, hprime retraction archive, muchmirul exposition); lab moves to ai-vps; five-track plan
10ff875b6190cee097b1b717700b71a9f599492c	16d6b6938c7a796a52e84afb5b9dc9f3e2683221	2026-08-11T10:35:42Z	2026-08-11T10:35:42Z	papers(recent): Claude (Anthropic) 2026 — 'More than two thirds of the zeros of the Riemann zeta function lie on the critical line' — unconditional 2/3 on-line (was 41.7% PRZZ), 5/6 distinct, Dirichlet analogues, 0.68185 method ceiling; sorry-free Lean at anthropics/zeta-23-lean; announced 2026-08-10
4a037cca01ab8804797c42c4afd1b41c323e75a8	10ff875b6190cee097b1b717700b71a9f599492c	2026-08-11T10:35:42Z	2026-08-11T10:35:42Z	papers(recent): Anthropic 2026 — informal note accompanying the 2/3 paper (research-build provenance: 31M output tokens, ~60 subagents, 2 sessions; reviewed Alpöge/Furman, endorsed Conrey/Goldston)
3bf639f9e88339a7a0cdd8a97fd265b7a88ff011	4a037cca01ab8804797c42c4afd1b41c323e75a8	2026-08-11T10:35:42Z	2026-08-11T10:35:42Z	papers(recent): Claude 2026 — explanation appendix to the 2/3 paper (the method in plain language: microphones/Gram table, see-saw inertia, bowls vs saddles budget 4−2−4/3=2/3)
f994af9aa57dad56073917b59e6964b08ed8fcd4	3bf639f9e88339a7a0cdd8a97fd265b7a88ff011	2026-08-11T10:35:42Z	2026-08-11T10:35:42Z	papers(recent): Anthropic 2026 — process transcripts of the 2/3 result (650 ideas, 2400 shell commands, subagent peer review; provenance record for the AI-mathematics event)
3b5e4d2fb96f6d1dc2e4be2f52ba0f88109201f1	f994af9aa57dad56073917b59e6964b08ed8fcd4	2026-08-11T10:35:42Z	2026-08-11T10:35:42Z	papers(surveys-expository): Wesson 2026 — hprime 'Strong Resolvent Convergence of the Hybrid Hilbert Plane Operator' (PDF has broken font encoding; TeX source included). Failed-proof record: operator diagonal is the zeta zeros themselves; repo's own README retracts the approach as circular. Filed under failed proofs; adjudication note to follow
7d78cda14faf31f636f44018bc7cec516d5e2aaa	3b5e4d2fb96f6d1dc2e4be2f52ba0f88109201f1	2026-08-11T10:40:19Z	2026-08-11T10:40:19Z	notes(recent): item 20 — Claude/Anthropic 2026 unconditional 2/3 theorem (method, verification chain, ceiling 0.68185, RH significance); the frontier note's watch-item #1 landed 18 days after the freeze
ddee564fcc18fe9fe61b4a50505f8d7d4a6c1d74	7d78cda14faf31f636f44018bc7cec516d5e2aaa	2026-08-11T10:40:19Z	2026-08-11T10:40:19Z	notes(surveys-expository): addendum — wessorh/hprime strong-resolvent adjudication (circular by construction: diagonal = zero list; Gershgorin bookkeeping; convergence lemma unsound; repo self-retracted with correct diagnoses)
0e90b56a07e564061a95c6f91a8446e79de43410	ddee564fcc18fe9fe61b4a50505f8d7d4a6c1d74	2026-08-11T10:40:19Z	2026-08-11T10:40:19Z	docs(updates): UPDATES.md — dated adjudication layer over the frozen release: Claude 2/3 theorem executes Lead 6 by inertia not GM; new no-go rows (0.68185 bandwidth-one ceiling, lambda<=1/2 vacuous, degree-one only); Track D verdict first pass (CMS/Christoffel sharp moment ladder is the transferable tool; queued as experiment)
2695bae5cb3c6c036946decca7f17848a4859028	0e90b56a07e564061a95c6f91a8446e79de43410	2026-08-11T10:41:13Z	2026-08-11T10:41:13Z	docs(log): ingest phase complete — engine revalidated (0.072606 reproduced, 3x Pi), 2/3 paper fully absorbed, adjudications committed; four tracks launching (A: eps_N certs, B: orbit seam, C: graded-mode T1, D: CMS moment ladder)
cffa24dbe015957d5cdfc6f91e77202d9c7647ed	2695bae5cb3c6c036946decca7f17848a4859028	2026-08-11T10:45:06Z	2026-08-11T10:45:06Z	expt(weil): orbit-drag — harness for Lead 5, primes-only vs full prime-power lambda_min (sanity reproduces rescue_cascade rows to <5e-6)
8734916e2019ffd7664ea1cd6824d90dd013687f	cffa24dbe015957d5cdfc6f91e77202d9c7647ed	2026-08-11T10:48:06Z	2026-08-11T10:48:06Z	expt(weil): orbit-drag — sweep data: primes-only positivity dies at L=0.705 (just past the n=4 threshold), drag grows to -1.011 by L=2.00; full sum pinned at 0 throughout; single-orbit ablations saturate -Lambda(n)/sqrt(n); N=64 check
ee2e7e5429465beff8cff98688fe2879426429c7	8734916e2019ffd7664ea1cd6824d90dd013687f	2026-08-11T10:49:10Z	2026-08-11T10:49:10Z	expt(weil): orbit-drag — plot palette from validated categorical slots (CVD-checked)
305b0dee25a9c4f2a5be37211b50f862f8db3e78	ee2e7e5429465beff8cff98688fe2879426429c7	2026-08-11T10:49:10Z	2026-08-11T10:49:10Z	expt(weil): orbit-drag — figure: full-sum lambda_min rides zero while primes-only staircases down to -1.01
1a9f6a245790bf29ad04f6802d6d8738367851ed	305b0dee25a9c4f2a5be37211b50f862f8db3e78	2026-08-11T10:49:51Z	2026-08-11T10:49:51Z	expt(weil): sharp_floor.py — Track D pilot: replace Lemma T's trace cap by k-moment and exact spectral caps of the constrained prolate compression B_R|_V; same Lemma M/R rearrangement. First result at L0: trace 0.3492 (matches certified 0.349152 — validation), m2 0.4279, m6 0.4668, EXACT CAP CEILING 0.4753 < 0.4901 bar: the independent-R rearrangement relaxation itself cannot reach T1; the loss has moved from Lemma T to Lemma R
ed283df7d26b5b0148e3b85d60eb12e5e4f57eec	1a9f6a245790bf29ad04f6802d6d8738367851ed	2026-08-11T10:51:01Z	2026-08-11T10:51:01Z	expt(weil): orbit-drag — ORBIT-DRAG.md: Lead 5 refuted with reversed sign; k>=2 orbits are load-bearing rescuers; seam law across the k-hierarchy; psi-theta carries O(L) of the positivity budget
b52a94acd98be6cca16a5d31468ee4da6b41e4ce	ed283df7d26b5b0148e3b85d60eb12e5e4f57eec	2026-08-11T10:54:40Z	2026-08-11T10:54:40Z	docs(log)+expt(weil): Track B verdict (Lead 5 refuted — seam law + 4-orbit resonance found) and Track D stage 2 (sigma-augmented Markov LP, sigma_lp.py: Fejer dictionary between rearrangement and dual SDP)
5fd705c5e21c91e7901e2451b06db0a3a6de9c55	b52a94acd98be6cca16a5d31468ee4da6b41e4ce	2026-08-11T10:58:53Z	2026-08-11T10:58:53Z	expt(weil): T1-GRADED.md — Track C scaffold: Lemma H PROVEN (high-mode band mass <= (8/pi^2)log((N-1)/(N-1-2LR/pi)), sine-tail computation with exact parity-split magnitudes) + Corollary H' (single high-block coercivity, margins +0.4..+1.3 at N=60..200); assembly stated; the one remaining analytic lemma isolated as Lemma X (dyadic shell-coupling decay of the Omega_+ part); full-space T1 reduced CONDITIONALLY to Lemma X + one certified low-block computation
3f70ab084f93ad185615f91454ae333892f4f0df	5fd705c5e21c91e7901e2451b06db0a3a6de9c55	2026-08-11T11:01:11Z	2026-08-11T11:01:11Z	expt(weil): sigma_lp tail fix (remainder at Omega(Rmax), always feasible — infeasibility caught when the last exact cap is numerically <1) + cert_caps.py skeleton (certified 1-D Frobenius caps for indicator/Fejer compressions, float-validation harness)
c7c39a9ba9943976e8a178b0c2d05610862e54bb	3f70ab084f93ad185615f91454ae333892f4f0df	2026-08-11T11:02:32Z	2026-08-11T11:02:32Z	expt(weil): eps_N — certification service for CCM Thm 1.1 hypotheses: certified sign+simplicity+parity sector of finite-section Weil-form minima; exact parity block-split (one pole constraint per sector), ball-frequency basis, per-entry rigorous tails, Gershgorin+pencil enclosures, ball Cholesky reused from certify.py
9d3f3855ea183bb22821a03a3a77844635383888	c7c39a9ba9943976e8a178b0c2d05610862e54bb	2026-08-11T11:03:58Z	2026-08-11T11:03:58Z	expt(weil)+docs(log): sigma-LP smoke verdict 0.4837 (0.006 below bar, minimal dictionary; valley caps ~100x stronger than indicators — the pole constraints ARE the Sonin mechanism as LP rows); sigma_rich.py stage-3 launched; frequency-side Nystrom certification design recorded
fc99d5496c2f5d18fea3925522fa55b5f9814faf	9d3f3855ea183bb22821a03a3a77844635383888	2026-08-11T11:07:09Z	2026-08-11T11:07:09Z	expt(weil): eps_N — L=0.45 N=24 certified: [U] eps in [1.9536e-5,1.9600e-5] simple even, gap>=2.89e-3; [C] certified positive simple even
f9ef9b76542a67fe1f26cd5612e1f822b23d46bf	fc99d5496c2f5d18fea3925522fa55b5f9814faf	2026-08-11T11:07:09Z	2026-08-11T11:07:09Z	expt(weil): eps_N — L=0.50 N=24 certified: [U] eps in [1.058e-6,1.112e-6] simple even; [C] eps in [1.50109e-2,1.50110e-2] simple even
8deb7d75ca2b853577c2c0772957693ad73c8e3c	f9ef9b76542a67fe1f26cd5612e1f822b23d46bf	2026-08-11T11:07:09Z	2026-08-11T11:07:09Z	expt(weil): eps_N — L=0.545 N=24 certified: [U] eps in [5.995e-8,1.190e-7] simple even; [C] eps in [1.38311e-3,1.38320e-3]; N=16 validation reproduces certify.py float 0.001428
bfa935c4ef0041fda79b404827007bd1c116743f	8deb7d75ca2b853577c2c0772957693ad73c8e3c	2026-08-11T11:07:09Z	2026-08-11T11:07:09Z	expt(weil): eps_N — L=0.60 N=24: [U] simplicity+evenness certified (gap>=6.38e-7), sign UNDECIDED at tail 1e-9 (eps ~ 2e-9); [C] eps in [8.2536e-5,8.2626e-5] certified
cd2d4672a034deecae0045c7aa4cd934a30cf327	bfa935c4ef0041fda79b404827007bd1c116743f	2026-08-11T11:07:10Z	2026-08-11T11:07:10Z	expt(weil): eps_N — L=0.62 N=24: [U] simplicity+evenness certified (gap>=1.08e-7), sign UNDECIDED at tail 1e-9 (eps ~ 4e-10); [C] eps in [2.2868e-5,2.2963e-5] certified
a101fdb0bd36e2b4b1f5d5a65842cbfdcf0ef7f3	cd2d4672a034deecae0045c7aa4cd934a30cf327	2026-08-11T11:08:33Z	2026-08-11T11:08:33Z	expt(weil): eps_N — L=0.545 N=32 certified: [U] eps in [5.957e-8,1.365e-7] simple even; [C] eps in [1.32719e-3,1.32733e-3] — low spectrum saturated in N (16/24/32 agree)
6ac8bf987ddb3b474ab05f3a5e3abdf2af3262bb	a101fdb0bd36e2b4b1f5d5a65842cbfdcf0ef7f3	2026-08-11T11:10:04Z	2026-08-11T11:10:04Z	expt(weil): Omega_W identity — the full one-prime Weil form is one diagonal frequency functional (prime term = cos(r log2) multiplier; verified 0.2%); sigma-LP retargeted at T1 with bar 0 (sigma_t1.py, objective/tail params in sigma_lp.py); norm route via Lemma R conclusively closed (exact-cap ceiling 0.4753 < 0.4901 at L0, full-res)
a65dbc84613713401f12b945d3770f330a91f245	6ac8bf987ddb3b474ab05f3a5e3abdf2af3262bb	2026-08-11T11:11:47Z	2026-08-11T11:11:47Z	expt(weil): eps_N — L=0.60 escalation (tail 1e-11, R up to 1.5e5): [U] SIGN CERTIFIED, eps in [1.742e-9,2.410e-9], all three CCM hypotheses now certified
df36c43c1c046d4c634d690ce45ca6af0a7bfc56	a65dbc84613713401f12b945d3770f330a91f245	2026-08-11T11:11:47Z	2026-08-11T11:11:47Z	expt(weil): eps_N — L=0.62 escalation (tail 3e-12, R up to 2.2e5): [U] SIGN CERTIFIED, eps in [4.182e-10,6.265e-10] — tightest sign certificate in the repo; grid complete
35b28a8a716748480ee23717bdd398b6a3e8b29c	df36c43c1c046d4c634d690ce45ca6af0a7bfc56	2026-08-11T11:13:16Z	2026-08-11T11:13:16Z	expt(weil): eps_N — EPSILON-N.md: certified verification of CCM Thm 1.1 hypotheses (sign+simplicity+evenness) in five windows, both conventions; full-space corollary mu_lambda <= 6.26e-10 for lambda >= 1.859; gap-closing and parity-of-constraints findings
e8422594e91b08e7b5a75a257e517544bd889d1c	35b28a8a716748480ee23717bdd398b6a3e8b29c	2026-08-11T11:13:35Z	2026-08-11T11:13:35Z	expt(weil): stage-5 cutting-plane union caps (sigma_t1b.py) — the uncertainty principle as LP rows: joint mass in unions of exploited slots capped by the union compression's lambda_max, self-aimed from the LP's own solution measure. Stage-3/4 outputs committed: norm-route sigma-LP 0.4886 at L0 (0.0015 below bar); T1-direct with per-slot caps only: -0.17/-0.21 at L=0.40/0.45 (multi-slot phantom identified)
cfdf6a0a7eff7a19afdd13b331b2f7296c518fee	e8422594e91b08e7b5a75a257e517544bd889d1c	2026-08-11T11:16:30Z	2026-08-11T11:16:30Z	expt(weil): stage-6 signed band-vs-tail tradeoff caps (sigma_t1c.py) — the residual phantom pairs valley concentration with cheap-dip parking; signed rows tent(band) - theta*1_{r>cut} with cap lambda_max(K_band - theta(I - B_cut)) encode the uncertainty-limited tradeoff frontier. Stage-5 outputs committed (-0.0775/-0.1199 after union caps); SHARP-FLOOR.md draft (stage-5/6 verdicts pending)
0a9ff1ad1cbc37e110a295582e86d3e7a36c4280	cfdf6a0a7eff7a19afdd13b331b2f7296c518fee	2026-08-11T11:16:46Z	2026-08-11T11:16:46Z	docs(log): Track A complete — CCM Thm 1.1 hypotheses certified across five windows; full-space mu_lambda corollary; parity structure corrected; Lead 2 executed
dc7d84f17c6764e77e1cb1521b5412f2c96c95d1	0a9ff1ad1cbc37e110a295582e86d3e7a36c4280	2026-08-11T11:18:02Z	2026-08-11T11:18:02Z	chore: gitignore .venv (x86 numeric stack lives untracked)
2786165456621646b048f3b549519fb228879416	dc7d84f17c6764e77e1cb1521b5412f2c96c95d1	2026-08-11T11:18:34Z	2026-08-11T11:18:34Z	expt(weil): *** STAGE-6 LP CROSSES ZERO: +0.0046 at L=0.40 *** — pilot-level FULL-SPACE T1 at window ratio e^0.8=2.226: indicator caps + Fejer dictionary + union caps + two-family signed tradeoff caps (right-tail and out-of-widened-band, 10-theta ladder) certify the full constrained one-prime Weil form >= 0 on all of the window space. Margin 4.6e-3 vs cap-discretization ~1e-3: margin-chasing run launched (target +0.03) at L=0.40/0.42/0.45
d470c9c52d0843ad540f164e995b2d89484b6f11	2786165456621646b048f3b549519fb228879416	2026-08-11T11:19:01Z	2026-08-11T11:19:01Z	docs(log)+expt(weil): the crossing logged; SHARP-FLOOR.md section 5 filled with stage-5/6 verdicts (pilot full-space T1 at ratio 2.226, margin/caveats stated)
0517232018056f35320941e518b5742db7b82f1b	d470c9c52d0843ad540f164e995b2d89484b6f11	2026-08-11T11:19:32Z	2026-08-11T11:19:32Z	docs(updates): session products 2026-08-11 — Lead 2 executed, Lead 5 refuted (seam law + resonance), Lead 1 opened (Lemma H), Track D centerpiece (Omega_W identity, sigma-LP, pilot full-space T1 at ratio 2.226)
2ee4ce84fe70490ab954e960376e33ecabc51c10	0517232018056f35320941e518b5742db7b82f1b	2026-08-11T11:20:54Z	2026-08-11T11:20:54Z	docs(log): SESSION CLOSE 2026-08-11 — scoreboard (Lead 2 executed, Lead 5 refuted w/ seam law, Lead 1 opened w/ Lemma H, Track D pilot full-space T1 at L=0.40 +0.0349, frontier L*~0.41); next-step queue headed by certification of the L=0.40 certificate; SHARP-FLOOR.md finalized
d557901251dcf4b13cace307be935114fdd8d9f0	2ee4ce84fe70490ab954e960376e33ecabc51c10	2026-08-11T11:24:49Z	2026-08-11T11:24:49Z	docs(log): phase 2 open — the Lean program: formalize the Weil-positivity criterion, the increments (Lemma 1, Theorem A, conditional T1), and the formal frontier; zeta-23-lean as infrastructure; honesty framing recorded
401e98e141c6642b4a5c07922976226a4b1fd241	d557901251dcf4b13cace307be935114fdd8d9f0	2026-08-11T11:28:38Z	2026-08-11T11:28:38Z	formal: RiemannFormal Lean package scaffold — Lemma 1 + sigma-LP assembly statements (proof development open), README with the criterion+increments program and the honesty line; pinned to the zeta-23-lean toolchain/Mathlib for future Zeta23 interop
5638f27a54537e2598c79222789291c2b388e43c	401e98e141c6642b4a5c07922976226a4b1fd241	2026-08-11T11:32:00Z	2026-08-11T11:32:00Z	docs(log): phase-2 infra — EF_lit_zetaZeroConfig confirmed hypothesis-free (criterion infrastructure exists); disk emergency triaged (ai-chats had 5GiB loose objects, gc running); single-setup symlink arrangement; formal/.gitignore
05c23c8d804358c1c3c8e0c15f4000e46f9d402d	5638f27a54537e2598c79222789291c2b388e43c	2026-08-11T11:33:16Z	2026-08-11T11:33:16Z	formal: T1Certificate.lean statement layer — OmegaArch/OmegaW/FT/Admissible/W1/ValidCap defined concretely; T1_of_certificate stated (finite certified dictionary + dual feasibility + Parseval hypothesis => full-space window positivity); proof = assembly transport, development open
370ff37b4fb93b2eac1933114e920477708c64f9	05c23c8d804358c1c3c8e0c15f4000e46f9d402d	2026-08-11T11:35:05Z	2026-08-11T11:35:05Z	formal: Criterion.lean (dev) — the criterion layer wired to Zeta23's hypothesis-free EF_lit: WeilPositivityAll defined, weil_positivity_of_RH stated with full proof route (RH => arithmetic side PSD), WeilCriterion as the machine-readable reduction target
724b0addc0300bef891303105924ea07c5c6dddd	370ff37b4fb93b2eac1933114e920477708c64f9	2026-08-11T11:37:05Z	2026-08-11T11:37:05Z	docs(log): Lean env live — cache in, three modules elaborating; disk war won (gc + blobless clone); Lemma-1 proof route simplified to pointwise AM-GM + support bookkeeping
163b9d73223c4acdc05386173f6e17432a19d6de	724b0addc0300bef891303105924ea07c5c6dddd	2026-08-11T11:38:05Z	2026-08-11T11:38:05Z	formal: README — document the single-setup dev arrangement (symlinked lib in the zeta-23-lean clone) alongside the standalone build
7564d58cfdd056e4f7d4c025790c3af98e4283ec	163b9d73223c4acdc05386173f6e17432a19d6de	2026-08-11T11:42:54Z	2026-08-11T11:42:54Z	formal: sigma-LP assembly proven sorry-free — integral_mono via pointwise bound, linearity on probability measure, cap sums
64d5ca0413740eb446324a6519c690e4c2fff676	7564d58cfdd056e4f7d4c025790c3af98e4283ec	2026-08-11T11:45:42Z	2026-08-11T11:45:42Z	formal: Lemma 1 proven sorry-free — indicator support bookkeeping + pointwise AM-GM + translation invariance, no Cauchy-Schwarz
9e41beb4c4b434c629d71dc7659d6e9223da756f	64d5ca0413740eb446324a6519c690e4c2fff676	2026-08-11T11:48:05Z	2026-08-11T11:48:05Z	formal: T1 certificate theorem proven sorry-free — weighted sigma-LP assembly on the spectral density, FT-square integrability derived from hParseval
a26c49919c39c669b8f74b7fe3c6d3101c415b42	9e41beb4c4b434c629d71dc7659d6e9223da756f	2026-08-11T11:49:26Z	2026-08-11T11:49:26Z	formal: lake-manifest.json — pinned dependency manifest for the standalone build route
4fdd2b54cc341e2497f72845504cd2c2644476d6	a26c49919c39c669b8f74b7fe3c6d3101c415b42	2026-08-11T11:49:26Z	2026-08-11T11:49:26Z	docs(log): three Lean theorems sorry-free (Lemma 1 machine-verified; sigma-LP assembly; conditional T1 formal skeleton); Zeta23 full build running for the criterion layer
e46383ce5bb292350a4f5fbca20a1854e0409f12	4fdd2b54cc341e2497f72845504cd2c2644476d6	2026-08-11T11:49:55Z	2026-08-11T11:49:55Z	docs(updates)+formal(readme): phase-2 products — criterion stated formally, three increments proven sorry-free, the pilot-to-theorem gap reduced to two named bounded projects
771740812296f7ee49c5a36e46d38ba4924facbe	e46383ce5bb292350a4f5fbca20a1854e0409f12	2026-08-11T12:06:45Z	2026-08-11T12:06:45Z	docs(log): Zeta23 reproduced end-to-end (313 modules, 25 min); criterion prover launched at weil_positivity_of_RH with verified route
3f34c08ec31532cbd5f48057920d1f1676e72abe	771740812296f7ee49c5a36e46d38ba4924facbe	2026-08-11T12:14:04Z	2026-08-11T12:14:04Z	formal: weil_positivity_of_RH proven sorry-free — RH makes the arithmetic side of the Weil explicit formula PSD (via Zeta23 EF_lit)
5415f4a4f6495451c4134b80945e62ae7369a6ed	3f34c08ec31532cbd5f48057920d1f1676e72abe	2026-08-11T12:15:05Z	2026-08-11T12:15:05Z	docs(log)+formal(readme): weil_positivity_of_RH sorry-free — the criterion's forward direction machine-verified against Mathlib's zeta; phase-2 close, full-day ledger (55 commits)
7d860ad4b7121b9b55a56724b2d35a3099386b3d	5415f4a4f6495451c4134b80945e62ae7369a6ed	2026-08-11T13:37:43Z	2026-08-11T13:37:43Z	expt(weil): stage-7 caps — oracle sigma from the negative part of (Omega_W - c) (exact-shape joint valley constraint) + two-slot signed tradeoffs (the bimodal phantom's own geometry); frontier push at L=0.42/0.45
9ab31fe3777baff196392346d37446df93e4cfd2	7d860ad4b7121b9b55a56724b2d35a3099386b3d	2026-08-11T13:39:01Z	2026-08-11T13:39:01Z	expt(weil): STAGE 7 — frontier moves to L=0.42 (+0.0320, ratio 2.316); L=0.45 stalls at -0.0562 with stable geometry; hierarchy crossover measured in (0.42, 0.45) — first quantitative fix on where per-band+tradeoff geometry stops sufficing
f503b2794da26a706df6c75941aec26d44b976b8	9ab31fe3777baff196392346d37446df93e4cfd2	2026-08-11T13:39:30Z	2026-08-11T13:39:30Z	expt(weil): SHARP-FLOOR — stage-7 frontier record (L=0.42 crossed +0.0320, L=0.45 stall geometry, crossover in (0.42,0.45))
9b27fb965d07a4da0603582a1c70a57ee42fc609	f503b2794da26a706df6c75941aec26d44b976b8	2026-08-11T13:43:02Z	2026-08-11T13:43:02Z	expt(weil): stage-8 dual_read — extract the stalled LP's dual certificate at L=0.45: the framework's best pointwise minorant of Omega_W, its tight set and detachment profile = the measured shape of what an exact (zero-slack) certificate must do that per-band caps cannot
a60beb594fac831d0b7c0214e1d778e7a4c7e8ad	9b27fb965d07a4da0603582a1c70a57ee42fc609	2026-08-11T13:44:49Z	2026-08-11T13:44:49Z	expt(weil): stage-8 dual read at L=0.45 — certificate sparse (44/924 rows), tight on the ENTIRE negative landscape, forced detachment 0.654 concentrated on the inter-valley ridge at r~12 = the cos(r log2) beat; stage-9 cosine-modulated caps added (windowed prime-shift bounds — the mu-invariant as LP rows); stall retest running
02a26d8fac54fa2a2649253c8b6bd04610278232	a60beb594fac831d0b7c0214e1d778e7a4c7e8ad	2026-08-11T13:46:02Z	2026-08-11T13:46:02Z	expt(weil)+docs(log): stage-9 honest verdict — modulated caps help the base but not the stall (path noise quantified, dual-slack metric corrected for achievable mass); hierarchy stall in (0.42,0.45) twice-confirmed; the mu-metric prime-shift caps are the identified new-mathematics requirement
467e16638119d7c743438f202103bc3f05f22755	02a26d8fac54fa2a2649253c8b6bd04610278232	2026-08-11T17:03:14Z	2026-08-11T17:03:14Z	research: BRIDGE.md — mu-metric diagnosis FALSIFIED (metric dies at certified-indefinite L=0.62); Theorem S proven (strict window positivity under RH, envelope = PW zero-energy extremal, exact); Theorem R proven (certificate rigidity) + no-go for slack-bearing families; narrowest bottleneck named (exact spectral theory of window x band x log-2 shift); A-F report
3664ec9bf21735767f5a67e65130e0c31e02e201	467e16638119d7c743438f202103bc3f05f22755	2026-08-11T17:15:43Z	2026-08-11T17:15:43Z	research: BRIDGE v2 — referee audit: Theorem S gap found (multiplicity vs distinct ordinates) and repaired (Farmer 1995 + self-contained Jensen + Pego); attainment downgraded to missing lemma, uses rewritten with eps-minimizers; N1 OPEN (countermodel: fixed exact dictionary, zero slack), N2 FALSE as stated (R eliminates fixed slack, not approximation; poly(L) digits), N3-N4 retracted; completeness/precision decomposition; corrected bottleneck = envelope asymptotics then completeness
50557c08e979fd4d3114677377924ee173ba6d82	3664ec9bf21735767f5a67e65130e0c31e02e201	2026-08-11T17:55:02Z	2026-08-11T17:55:02Z	research: CONTINUATION.md — unconstrained pole-inclusive frame; failure set is a closed-threshold ray (uniform-modulus engine); first-failure zero-mode theorem with exact prime-shift radical equation (mod one density lemma); Schur continuation thm (margin m => delta = exp(-A/m)) conditional on two kernel lemmas; iteration reach = margin persistence = RH (exact no-go); threshold edge-locality theorem (seam law as support geometry)
b24739306c34108c67dc6134a5067b69145826e5	50557c08e979fd4d3114677377924ee173ba6d82	2026-08-11T18:05:37Z	2026-08-11T18:05:37Z	papers(criteria): Suzuki 2026 — 'Weil's quadratic form via the screw function' (arXiv:2606.09096) — localized Weil forms, screw-function operator; ingested for the collision audit of CONTINUATION.md
95f961d4f8afde87a0c6edf18f695d7669942cdf	b24739306c34108c67dc6134a5067b69145826e5	2026-08-11T18:11:35Z	2026-08-11T18:11:35Z	papers(criteria): Yoshida 1992 — On Hermitian forms attached to zeta functions (ASPM 21) — the small-support positivity source
0d18760c99abb2d48a808f7252824a2f3ab93797	95f961d4f8afde87a0c6edf18f695d7669942cdf	2026-08-11T18:14:03Z	2026-08-11T18:14:03Z	research: COLLISION.md — full reconciliation with Yoshida/Bombieri/CC/CCM/Suzuki: dictionary, adjudication (nearly all repo structure theorems KNOWN 2000-2026; Bombieri 2000 alone contains the radical equation, compactness engine, inertia counts, first-failure trichotomy); the actual frontier isolated (CCM obstacles a+b, Suzuki Cor 1.6, the static kernel identity); Phase-5 trace-ideal observation; surviving repo contribution = five-window obstacle-(a) certificates
4e82f27e9593c9a5c62ba7f9ce740cd79d37e27d	0d18760c99abb2d48a808f7252824a2f3ab93797	2026-08-11T18:17:42Z	2026-08-11T18:17:42Z	research: COLLISION.md — Yoshida 1992 primary source acquired and audited: Theorem 1 = pole-inclusive positive definiteness on the full prime-free window K(log2/2) via rigorously error-bounded computation (the 1992 ancestor of this lab's methodology); base-case row upgraded; collision audit complete against all four primary sources
cf356ec7b3da17ed4d1aa740252be12da7af6a74	4e82f27e9593c9a5c62ba7f9ce740cd79d37e27d	2026-08-11T18:18:10Z	2026-08-11T18:18:10Z	research: correction — apply the Yoshida Theorem-1 upgrade to the actual documents (CONTINUATION.md base-case paragraph, COLLISION.md known-list); the previous commit's message claimed a patch that had failed to land
39d01aecb51d5917636277554911cfe59aecf00f	cf356ec7b3da17ed4d1aa740252be12da7af6a74	2026-08-11T18:43:57Z	2026-08-11T18:43:57Z	governance: SOLVER.md — standing autonomous solver directive (frontier DAG, distance-to-RH objective, branch-and-bound, promotion discipline, terminal-blocker standard)
71074bb7b8000718ccf744c838e4d2158d809376	39d01aecb51d5917636277554911cfe59aecf00f	2026-08-11T18:44:39Z	2026-08-11T18:44:39Z	governance: FRONTIER.md (live implication DAG, frontier node = relative det2 threshold update) + DEAD-ENDS.md (12 killed branches with reasons)
b184aa786cfc3498118400b9598a30bbcd4c0eee	71074bb7b8000718ccf744c838e4d2158d809376	2026-08-11T18:45:38Z	2026-08-11T18:45:38Z	research: THRESHOLD.md — first SOLVER cycle, Phase-0 audit: HS claim CONFIRMED and sharpened to exact (sqrt(8/3)Lambda(n)n^{-1/2}eta^2, no correction term); threshold operator traceless; two-part evolution (Hadamard flow + threshold entries); leading update = end-to-end Green kernel with conjectural n^{-s} phase; RED-TEAM EQUATION: eta^2 only at entry, post-entry linear growth, bare accumulation diverges ~4e^a — PNT cancellation must live inside the flow; agents T1/T2/T3/S1 assigned
fb553142a19657bb0077ff77ac7dfe19d1efb9ce	b184aa786cfc3498118400b9598a30bbcd4c0eee	2026-08-11T18:47:36Z	2026-08-11T18:47:36Z	docs(log): SOLVER installed (FRONTIER/DEAD-ENDS governance); cycle-1 Phase-0 audit — HS formula exact, threshold operator traceless, two-part evolution, end-to-end Green mechanism, red-team divergence equation; agents T1/T2/T3/S1 running
42f30df09e861201ae28cb8254b12750189af5fe	fb553142a19657bb0077ff77ac7dfe19d1efb9ce	2026-08-11T19:00:43Z	2026-08-11T19:00:43Z	research(T1): relative det2 threshold formula PROVED in screw frame — Delta and G_a^chi trace class (singular-value lemma, ||Delta||_1 = 8*kappa1*c_n*eta^2 exactly, closes OPEN-minor); exact model reduction Delta ~ 4*c_n*eta^2*[[0,C1],[C1,0]]; CORRECTION of THRESHOLD par.2: Tr(R*Delta) = (8/3)*Lambda(n)*n^{-1/2}*eta^3*rho(z;a,-a) + O(eta^4 log(1/eta)) — power eta^3 not eta^2, constant 8/3 not 4, mechanism survives; k=2 term exact -(4/3)*c_n^2*eta^4*z^{-2}; Hadamard variation derived from Fredholm series: d/da log D_a = z[rho(z;a,a)+rho(z;-a,-a)] (diagonal corners) vs threshold at anti-diagonal corner; A_a-side NO-GO proved: lambda_j(A_a) <= C log j gives empty zeta-domain and resolvent in no Schatten class — determinant theory exists ONLY in the G_a frame; assembled C^1 one-threshold update with all trace-ideal hypotheses checked; twin-prime isolation caveat
920fad51afc248755d88e21344b026c80cb0c368	42f30df09e861201ae28cb8254b12750189af5fe	2026-08-11T19:01:58Z	2026-08-11T19:01:58Z	research(cycle1/T1 adjudicated): one-threshold det update PROVED under isolation (Hadamard flow + (8/3)c_n eta^3 rho(z;a,-a) + exact k=2 term); PI's eta^2 heuristic CORRECTED (corner mass vs HS scale — PI re-verified); Delta trace class with exact trace norm; A_a-no-determinant theorem (log spectral growth, no Schatten resolvent) — DEAD-ENDS #12 now a theorem; C^1 crossing, prime enters at order eta^3; twin-prime isolation caveat
21578066133703d8a801c0d1ae5c03fd40f60a6f	920fad51afc248755d88e21344b026c80cb0c368	2026-08-11T19:03:04Z	2026-08-11T19:03:04Z	research(T2): boundary-to-boundary Green kernel phase law REFUTED — A_a resolvent in no Schatten class (log-Weyl lambda_j ~ log(j/4a)), model symbol m0 = log(|zeta|/2pi) exact, Gamma_a(z;a,-a) = E+E-/(4a(log 4pi a + z)^2+pi^2/4-normalized)(1+O(1/log a)) non-oscillatory; only oscillation is evanescent Weyl phase e^{2ia*2pi e^z} (freq 2pi e^Rz, NOT z), damped e^{-2a iota_K}; e^{2iaz} lives exclusively in first-order frame (W(a,theta;z), CCM lambda^{-iz}) via h_hat = e^{a(1+-iz)}/(1+-iz); one-threshold endpoint factor Lambda(n)n^{-1/2}/(eta log^3(1/eta)) with NO n^{iz} character; k-resummation closes to UNTWISTED s=1/2 local factor 2F2(2a;z)log p/(sqrt p - 1), residual = missing character p^{ikz} computed exactly; pole term O(a e^{-a}) via Woodbury; Q3 amplitude inequality |A_n| <= C_K n^{-1/2} omega(2a - log n), int omega < infty (weight Lambda(n)/n) — Born amplitude fails by exactly sqrt(n), screening forced unconditionally by ||R_a|| <= 1/|Im z| (U6)
9bd570827f4c40d5ff8588c70d9565d8c6194c64	21578066133703d8a801c0d1ae5c03fd40f60a6f	2026-08-11T19:04:34Z	2026-08-11T19:04:34Z	research(cycle1/T2 adjudicated): phase law REFUTED (symbol log(zeta/2pi), oscillation e^{4pi i a e^z}; z-phase lives in first-order frame); p^k resummation via A_a KILLED with exact residual = missing character p^{ikz} (DEAD-ENDS #13); screening inequality: extra sqrt(n) needed, non-perturbative; FRONTIER NODE relocated to threshold evolution of CCM's det identity in the first-order frame (T1+T2 independently force it)
c4fcec83ef3626555c2f699c7bdd770f49211e46	9bd570827f4c40d5ff8588c70d9565d8c6194c64	2026-08-11T19:08:21Z	2026-08-11T19:08:21Z	research(T3): red-team kill of the threshold det2 accumulation program — entry ledger carries only O(a e^-a) of prime mass (C0=0.1706 vs total ~6.53e^a); ||P_a|| >= 11.7 e^a/a unconditional (RS constant); all even-order det2 traces diverge, no det_p fix; det2's removed linear term IS the Euler-phase term; exact repair = rank-3 pole compression span{e^(x/2), e^(-x/2), 1} (the s(s-1) factor); post-repair residue rate exactly e^((2 sup Re rho - 1)a) two-sided => no sub-RH floor; toy model + N >= lambda^2 order-of-limits clash
ee185ae335e9304eaa50d87452d22d367ab143c3	c4fcec83ef3626555c2f699c7bdd770f49211e46	2026-08-11T19:09:55Z	2026-08-11T19:09:55Z	research(cycle1/T3 adjudicated): accumulation REFUTED both ways (entries empty: 0.17 total mass; totals diverge at every Schatten order; det2 removes exactly the arithmetic); exact repair = rank-3 pole compression (e^{+-x/2}, 1 = the s(s-1) factor); PROVED rate dictionary: subexponential compressed bookkeeping <=> RH, rate e^{(2Theta-1)a} — no sub-RH floor; FRONTIER NODE = rank-3-compressed first-order determinant flow; N>=lambda^2 order-of-limits deprioritizes window extension permanently
90f6ebe46c6dc2bb8d04272db870c0b720386c8c	ee185ae335e9304eaa50d87452d22d367ab143c3	2026-08-11T19:11:12Z	2026-08-11T19:11:12Z	research(S1): sector inequality (CCM obstacle (a)) reduced to pole-vs-ferromagnet — Levy density nu(t)=e^{|t|/2}/2sinh|t| makes arch+primes a Dirichlet form with ferromagnetic prime hops (PROVED: pole-free ground state simple+even for ALL a, gap >= nu(2a)||v_o||_1^2); exact crossing functional c(a)=2G_o(eps_even), crossing iff c=1; coarse criteria certify a<=0.42, die where odd pole-free minimum = odd Weil infimum rides zero; margin law 1-c ~ 40*eps_odd (RH-marginal)
57d914dcab9e606958ae827bfa09eec6e7244f6a	90f6ebe46c6dc2bb8d04272db870c0b720386c8c	2026-08-11T19:12:21Z	2026-08-11T19:12:21Z	research(cycle1 CLOSED): S1 adjudicated — pole-free simple+even theorem at every a (Levy-Khintchine + ferromagnetic primes), exact crossing criterion c(a)<1, theorem-range a<=0.32 mod one lemma, forall-a version RH-marginal (margin ~40x odd Weil infimum); frontier updated; global reset queued for next session
f0b983d34b7a9bc96da7baf5cc17b999d79de4b7	57d914dcab9e606958ae827bfa09eec6e7244f6a	2026-08-11T19:17:13Z	2026-08-11T19:17:13Z	governance: blind-reset protocol + frontier metrics installed; RESET-1 freeze snapshot (incumbent frozen; metrics: depth 5, 3 RH-complete, 1 hard-wall; cycle-1 shortening answer: NO, counter 1/3); candidate set of 5+1
1ae0cab2fd2efb2fc58fa3379d5abef2d73edd01	f0b983d34b7a9bc96da7baf5cc17b999d79de4b7	2026-08-11T19:31:13Z	2026-08-11T19:31:13Z	governance: RESET-1 output — PRIMARY = Suzuki 7.7 defect formula (A+B convergence, quantifier collapse, zero competition); CHALLENGER = Lee-Yang/FKG ferromagnetic mechanism (E); RESERVE = CvS prime-cutoff obstacle-(a) with S1 tech (D); incumbent demoted to cartography (C: hard-wall-coordinates, dictionary imported not derived); abandonment + auto-rerank conditions set
0564ea1c82a038a1eb946e91314bff5282b316fb	1ae0cab2fd2efb2fc58fa3379d5abef2d73edd01	2026-08-11T19:31:36Z	2026-08-11T19:31:36Z	governance: FRONTIER post-reset state + evaluator-D literature deltas (Sliwinski floor, CvS coordinate, Kim et al replication, [14] v3, collision + saturation flags); cycle-2 fleet roster
8c526ac7fc97f9352857714ed981029d02b2325f	0564ea1c82a038a1eb946e91314bff5282b316fb	2026-08-11T19:32:26Z	2026-08-11T19:32:26Z	papers(criteria): Suzuki [14] v3 — Hilbert space from the Weil distribution (CJM), unconditional surrogate spaces
9de10a5250608bd22130cdccd6b6052270b7c59d	8c526ac7fc97f9352857714ed981029d02b2325f	2026-08-11T19:32:50Z	2026-08-11T19:32:50Z	docs(log): reset-1 complete, cycle-2 fleet launched (P1/P2/C1/R1; C2/L1/referee queued); outreach urgency raised
c3d4febc7d22a7dd300b43905de1a90788d45bc4	9de10a5250608bd22130cdccd6b6052270b7c59d	2026-08-11T19:41:04Z	2026-08-11T19:41:04Z	papers(criteria): Connes-van Suijlekom 2025 (CMP 406:312) — general simple-even => real xi-hat zeros; the prime-cutoff theta_x coordinate
39cf309818c3a774b25a3fc12216b957735d4480	c3d4febc7d22a7dd300b43905de1a90788d45bc4	2026-08-11T19:49:34Z	2026-08-11T19:49:34Z	research(R1): CvS theta_x transplant — S1 Thm A survives all Euler cutoffs; every deficient truncation CROSSES (a*_k = 0.374/0.561/0.701, s* = 0.9994); fixed window inverts, not tames, the marginality; Euler-continuation route killed; unconditional Lee-Yang family + N-quantifier collapse
c409be5a2d470ff01997bf443b73845d2f152e22	39cf309818c3a774b25a3fc12216b957735d4480	2026-08-11T19:50:51Z	2026-08-11T19:50:51Z	research(cycle2/R1 adjudicated): S1 transplant PROVED on (a,x) plane; matched-filter inversion (Euler-deficient truncations cross to odd; a*=0.374/0.561/0.701); Euler-continuation homotopy KILLED (DEAD-ENDS #15); unconditional (a,x) Lee-Yang family; N0 quantifier collapse lifts five certificates to whole N-diagonal
7d42a6865bc40610ae5a972ead754f0ecaba25cd	c409be5a2d470ff01997bf443b73845d2f152e22	2026-08-11T19:55:24Z	2026-08-11T19:55:24Z	research(C1): Lee-Yang/monotone-zero-motion test on Suzuki W(a,theta;z) — mechanism OPENS in the exact frame lambda=0, theta in {0,pi}: strict monotone interlacing a-flow through both prime thresholds (0 mixed steps /105, 0 interlacing violations /261), zeros converge from above onto Riemann gamma_k with (z1-gamma1) ~ 40*lambda_a (same 40x as S1 margin law), one-signed coupling response (Lambda(2)+eps: all UP at theta=pi, all DOWN at theta=0); REFUTED: A_a-eigenvalue monotonicity (mixed signs), generic-theta one-signedness, lambda!=0 frames (counterexample at lambda=-0.084), and the -cos(z log n) explicit-formula response law; next theorems: nesting phase-monotonicity + v+>0 FKG lemma
985a11f5bddfe1f0248fe2d5ce24082490c4b0db	7d42a6865bc40610ae5a972ead754f0ecaba25cd	2026-08-11T19:56:27Z	2026-08-11T19:56:27Z	research(cycle2/C1 adjudicated): Lee-Yang mechanism OPENS at the pinned frame — monotone-from-above zero flow onto Riemann zeros confirmed (0/261), 40x cross-frame invariant conjectured, refutation boundary mapped, Suzuki lambda-independence corrected; new sign-inequality nodes C1-T1/T2; honest wall C1-T3 recorded
5b20ad94678eed09ce1bf28c29f62c82b061845e	985a11f5bddfe1f0248fe2d5ce24082490c4b0db	2026-08-11T20:08:27Z	2026-08-11T20:08:27Z	research(P2): off-line defect of Suzuki 7.7 in closed form — D(x,y) = 2Im[r_p P_x(p)P^s_y(p)] + (x<->y) at the SHADOW ZERO p of xi+xi' (Speiser-type count PROVED: E-zeros right of line = xi-zeros right of line); order-1 quadruple block cancels IDENTICALLY (Thm D0), Gram couples omega<->conj(omega) with the hyperbolic [[0,1],[1,0]] pattern; signature (2,2) on real u = exact Bombieri-inertia mirror, (1,1) per parity sector, survives L2_0 and prime-free windows; D>=0 collapses to RH itself (E_xi HB <=> RH); rate dictionary e^{(2Theta-1)a} rederived in static frame; toy validation to 1e-13. ABANDONMENT TRIGGERED: static sector HARD-WALL-COORDINATES, CHALLENGER promotes
f1122112a322215ba3d500a04afd2e654e8328e0	5b20ad94678eed09ce1bf28c29f62c82b061845e	2026-08-11T20:09:21Z	2026-08-11T20:09:21Z	research(cycle2/P2 adjudicated): ABANDONMENT FIRED — defect has Bombieri signature (2,2), no one-sidedness; static sector hard-wall proved (DEAD-ENDS #16); shadow zeros of xi+xi' found as the defect's true support + RH order-parameter salvage; CHALLENGER AUTO-PROMOTED: Lee-Yang sign-inequality program (C1-T2 then C1-T1) is PRIMARY; metrics counter 2/3
94fa51e8f26794ef2d206c6c12e7adb4d85cbeaf	f1122112a322215ba3d500a04afd2e654e8328e0	2026-08-11T20:32:35Z	2026-08-11T20:32:35Z	docs(log): cycle 2 closed — P1 technical failure noted (PDF salvaged, derivation requeued low); net: transplant theorem, Lee-Yang opening, static wall proved hard, shadow zeros discovered, challenger auto-promoted; cycle-3 opening = C1-T2 sign inequality; counter 2/3
